State,District,Tehsil/Block,Postmonsoon of2000,Postmonsoon of2001,Postmonsoon of2002,Postmonsoon of2003,Postmonsoon of2004,Postmonsoon of2005,Postmonsoon of2006,Postmonsoon of2007,Postmonsoon of2008,Postmonsoon of2009,Postmonsoon of2010,Postmonsoon of2011,Postmonsoon of2012,Postmonsoon of2013,Postmonsoon of2014,Postmonsoon of2015,Postmonsoon of2016,Postmonsoon of2017
KARNATAKA,BAGALKOT,BADAMI,27.93,56.76,79.75,79.53,99.58,104.72,82.69,77.07,70.79,59.33,63.83,70.99,81.78,62.57,74.08,76.42,75.27,73.86
KARNATAKA,BAGALKOT,BAGALKOT,38.94,39.98,55.34,71.19,73.36,75.88,46.58,88.12,103.58,61.73,70.13,108.75,119.25,119.29,125.94,126.54,119.18,25.3
KARNATAKA,BAGALKOT,BILGI,3.07,6.14,10.59,10.96,10.75,18.03,20.92,13.4,13.04,4.79,5.14,13.17,13.01,13.88,12.72,14.19,14.59,3.14
KARNATAKA,BAGALKOT,HUNGUND,46.7,56.79,52.05,60.8,59.07,67.09,76.33,47.99,47.34,41.08,48.74,50.25,57.72,48.12,62.17,65.64,61.97,55.46
KARNATAKA,BAGALKOT,JAMKHANDI,16.13,21.79,25.96,31.97,32.93,43.47,50.96,28.81,47.97,24.96,29.46,48.4,58.71,35.82,50.11,48.51,49.31,33.87
KARNATAKA,BAGALKOT,MUDHOL,2.93,3.1,3.7,7.74,3.48,3.24,6.18,8.32,5.48,5.85,4.1,7.84,9.22,19.69,8.65,6.39,9.12,7.44
KARNATAKA,BANGALORE URBAN,ANEKAL,69.07,62.09,67.58,84.16,69.84,65.6,66.87,74.68,72.86,76.28,78.81,77.73,97.61,96.45,110.84,103.37,92.32,78.52
KARNATAKA,BANGALORE URBAN,BANGALORE EAST,13.6,17.07,20.17,20.91,14.53,14.95,15.15,53.21,50.09,64.37,71.51,74.05,101.74,93.5,93.56,92.79,103.32,70.36
KARNATAKA,BANGALORE URBAN,BANGALORE NORTH,91.72,97.79,129.37,128.3,147.66,131.73,153.25,149.09,140.57,156.1,160.93,159.59,172.67,177.59,141.07,157.9,140.51,101.61
KARNATAKA,BANGALORE URBAN,BANGALORE SOUTH,21.75,24.11,29.52,30.85,27.69,17.57,70.53,94.39,89.25,76.93,80.37,68.53,123.57,132.95,127.72,121.61,86.39,49.08
KARNATAKA,BANGALORE RURAL,DEVANHALLI,41.89,42.3,59.16,62.35,63.47,54.97,65.86,70.6,67.42,69.31,72.02,70.75,83.72,84.06,85.66,60.48,60.32,50.09
KARNATAKA,BANGALORE RURAL,DOD BALLAPUR,55.24,59.88,76.76,83.16,100.53,103.62,112.27,105.89,92.25,85.39,96.62,102.57,131.63,127.18,106.64,100.84,82.64,67.33
KARNATAKA,BANGALORE RURAL,HOSKOTE,16.94,19.1,43.67,30.28,30.27,29.01,36.61,76.91,83.18,85.61,85.6,78.89,77.37,76.81,62.82,68.82,67.94,87.79
KARNATAKA,BANGALORE RURAL,NELAMANGALA,20.21,26.5,42.31,48.46,28.19,20.09,36.16,29.88,20.17,34.41,34.68,28.91,45.66,38.08,15.13,21.17,24.82,16.24
KARNATAKA,BELGAUM,ATHNI,61.43,52.46,77.64,112.27,60.52,80.37,49.19,60.25,78.34,41.43,52.14,113.23,105.29,81.94,61.76,68.07,76.48,55.56
KARNATAKA,BELGAUM,BAILAHONGAL,81,94.64,113.1,116.2,105.53,73.9,93.39,98.64,95.45,32.7,31.96,49.6,52.48,80.39,84.85,89.28,79.61,69.15
KARNATAKA,BELGAUM,BELGAUM,48.55,62.66,52.85,73.08,62.38,49.53,44.7,41.19,48.17,47.84,47.45,58.88,50.02,51.37,35.53,57.75,47.72,44.81
KARNATAKA,BELGAUM,CHIKODI,69.47,85.99,76.23,99.07,67.28,58.46,78.52,94.11,78.23,57.64,48.37,74.63,96.65,87.86,75.41,59.16,64.91,49.33
KARNATAKA,BELGAUM,GOKAK,68.48,74.09,89.97,91.24,64.34,66.24,54.87,48.38,53.74,42.27,40.4,45.63,46.9,52.44,49.78,69.52,56.9,36.98
KARNATAKA,BELGAUM,HUKERI,61.31,54.34,67.39,79.08,59.77,44.59,63.61,60.35,54.66,47.19,40.21,60.11,79.9,63,60.76,93.4,86.28,75.61
KARNATAKA,BELGAUM,KHANAPUR,41.37,89.52,82.65,86.15,88.64,63.98,63.36,68.15,91.08,91.63,92.64,34.77,37.56,38.69,30.22,39.93,33.12,38.93
KARNATAKA,BELGAUM,RAMDURG,23.76,28.34,41.28,39.52,39.39,33,30.86,27.94,34.79,29.73,25.38,33.02,42.48,53.89,59.36,61.29,35.98,27.78
KARNATAKA,BELGAUM,RAYBAG,34.78,51.35,64.49,80.64,43.65,70.17,59.96,68.88,53.22,40.7,30.75,48.78,69.2,68.55,53.28,91.25,78.23,47.93
KARNATAKA,BELGAUM,SAUNDATTI,93.94,103.31,129.91,123.02,130.34,122.08,104.75,85.39,93.33,85.16,79.41,55.7,72.22,88.86,79.89,105.02,48.53,31.09
KARNATAKA,BELLARY,BELLARY,43.8,49.48,79.88,89.75,81.98,49.48,106.5,100.26,96,62.92,58.52,68.99,77.51,79.84,64.97,130.84,85.98,70.22
KARNATAKA,BELLARY,HADAGALLI,65.71,89.32,95.08,102.67,93.51,80.12,79.55,55.82,71.43,56.53,56.23,68.62,83.54,77.03,73.39,97.44,101.3,98.56
KARNATAKA,BELLARY,HAGARIBOMMANAHALLI,27.7,24.78,36.44,36.07,35.93,40.37,40.37,30.78,16.27,22.28,23.39,31.88,34.92,28.79,27.31,37.5,37.55,33.5
KARNATAKA,BELLARY,HOSPET,25.02,22.5,35.24,37.5,39.99,22.17,35.33,34.11,32.16,20.92,21.4,30.89,34.03,36.14,31.38,39.2,38.12,19.46
KARNATAKA,BELLARY,KUDLIGI,107.15,104.72,131.78,144.55,133.12,121.72,155.06,136.49,149.65,110.66,96.3,117.41,128.47,91.14,73.69,78.86,81.09,84.06
KARNATAKA,BELLARY,SANDUR,26.79,25.28,43.62,51.42,48.75,42.05,37.59,37.88,45.46,23.65,21.28,32.9,32.68,31.28,34.24,35.98,36.25,31.75
KARNATAKA,BELLARY,SIRUGUPPA,19.06,18.72,29.87,31.59,42.77,33.97,28.74,4.72,12.47,16.69,16.34,12.42,13.49,16.67,16.59,16.6,5.25,3.15
KARNATAKA,BIDAR,AURAD,24.42,33.08,36.04,37.05,26.81,34.55,28.22,31.77,25.7,27.92,16.01,21.51,23.56,21.6,36.52,33.66,16.2,16.4
KARNATAKA,BIDAR,BASAVAKALYAN,44.58,43.68,58.82,58.64,49.07,48.79,55.86,42.4,29.52,50.14,29.33,44.47,36.07,73.64,83.49,132.88,67.87,68.12
KARNATAKA,BIDAR,BHALKI,21.76,34.9,40.27,50.29,53.61,43.69,43.54,57.58,47.37,62.58,43.79,58.34,30.19,90.48,84.63,101.59,26.63,32.41
KARNATAKA,BIDAR,BIDAR,69.3,78.52,81.02,81.6,91.74,85.52,69.69,60.99,44.16,61.92,51.49,76.69,76.3,52.2,75.38,84.73,48.82,45.8
KARNATAKA,BIDAR,HOMNABAD,106.51,112.98,141.5,144.21,151.04,136.99,131.37,111.72,102.69,76.71,57.57,74.46,70.94,152.6,195.81,206.51,87.54,64.74
KARNATAKA,BIJAPUR,BASAVANA BAGEVADI,75.06,78.28,79.24,106.68,96.34,93.66,80.45,61.84,77.72,34.83,44.98,78.65,91.63,155.1,160.43,149.02,74.26,37.76
KARNATAKA,BIJAPUR,BIJAPUR,63.87,66.04,100.48,94.89,98.74,92.64,75.94,88.5,102.69,66.19,52.33,102.4,102.45,190.08,182.53,189.34,118.34,93.66
KARNATAKA,BIJAPUR,INDI,75.64,73.89,85.68,89.39,108.44,86.9,83.29,119.6,131.42,83.24,100.94,144.66,127,108.98,125.04,139.5,127.63,118.91
KARNATAKA,BIJAPUR,MUDDEBIHAL,55.45,43.73,50.76,65.06,61.9,53.63,71.44,49.74,58.56,37.41,41.51,62.03,65.28,91.17,48.55,51.42,57.9,33.4
KARNATAKA,BIJAPUR,SINDGI,44.1,45.25,53.08,53.32,53.65,54.82,51.16,37.85,66.22,48.84,51.24,67.72,56.64,92.47,88.51,98.08,47.84,46.89
KARNATAKA,CHAMRAJNAGAR,CHAMRAJNAGAR,59.31,67.28,86.85,86.63,87.65,52.51,80.89,82.9,76.45,90.35,84.96,76.42,99.2,87.41,62.16,100,69.78,59.76
KARNATAKA,CHAMRAJNAGAR,GUNDLUPET,75.15,71.15,72.97,87.9,65.66,52.21,66.54,60.71,79.99,86.29,82.39,74.06,95.54,108.34,80.98,78.59,77.34,75.59
KARNATAKA,CHAMRAJNAGAR,KOLLEGAL,15.85,23.72,40.64,39.72,13.82,26.81,32.38,34.81,46.22,51.95,45.18,46.08,57.45,57.74,42.94,40.69,76.33,47.4
KARNATAKA,CHAMRAJNAGAR,YELANDUR,13.42,21.23,21.13,20.84,16.04,10.71,12.99,10.71,15.32,18.28,11.62,15.26,25.06,22.65,21.2,14.52,36.22,29.98
KARNATAKA,CHIKKABALLAPURA,BAGEPALLI,57.33,42.84,62.34,79.75,84.51,100.88,86.21,81.99,57.9,87.01,73.11,35.29,66.31,143.14,166.23,168.96,96.36,96.36
KARNATAKA,CHIKKABALLAPURA,CHIK BALLAPUR,31.81,33.82,45.89,70.36,80.49,98.87,153.31,190.8,120.8,113.63,106.85,103.51,128.72,190.51,191.61,187.7,62.61,58.21
KARNATAKA,CHIKKABALLAPURA,CHINTAMANI,3.07,31.18,34.26,86.82,101.76,100.35,102.24,95.68,105.39,112.43,120.47,113.59,111.58,221.07,221.95,229.42,105,100.86
KARNATAKA,CHIKKABALLAPURA,GAURIBIDANUR,74.67,63.93,97.43,109.95,163.47,169.04,172.02,87.23,125.39,120.49,113.61,106.78,95.87,240.3,266.8,248.49,162.48,105.09
KARNATAKA,CHIKKABALLAPURA,GUDIBANDA,15.38,14.5,18.4,19.2,19.2,19.2,0,0,20.9,20.9,20.9,0,0,69.05,69.05,58.55,58.55,58.55
KARNATAKA,CHIKKABALLAPURA,SIDLAGHATTA,18.14,13.37,16.02,29.59,40.58,33.1,44.8,52.21,35.01,48.22,38.27,57.88,64.76,64.65,69.53,74.04,38.58,43.01
KARNATAKA,CHIKMAGALUR,CHIKMAGALUR,19.39,26.38,31.07,37.78,31.26,23.63,22.2,13.55,37.05,32.95,21.87,35.32,39.73,33.87,26.77,34.39,47.55,38.66
KARNATAKA,CHIKMAGALUR,KADUR,16.37,22.19,30.87,48.61,49.07,57.35,64.83,60.64,54.22,47.1,22.28,44.6,64.69,63.55,46.1,58.21,71.14,49.42
KARNATAKA,CHIKMAGALUR,KOPPA,21.38,22.37,22.12,21.94,22.56,21.72,20.14,20.52,22.57,21.74,19.64,24.95,22.84,22.51,21.85,23.13,23.58,23.06
KARNATAKA,CHIKMAGALUR,MUDIGERE,5.72,6.46,5.99,7.19,6.76,12.4,11.22,11.1,12.64,11.18,9.93,12.62,19.84,10.77,10.01,10.51,12.18,11.58
KARNATAKA,CHIKMAGALUR,NARASIMHARAJAPURA,21.32,29.15,30.1,31.38,29.1,32.38,30.16,20.46,8.8,10.05,18.84,21.84,25.76,60.3,60.02,31.61,38.42,42.41
KARNATAKA,CHIKMAGALUR,SRINGERI,17.65,13.56,15.02,15.03,15.56,14.67,13.89,13.06,17.86,11.19,14.04,15.76,15.65,15.67,14.56,13.87,16.5,16.24
KARNATAKA,CHIKMAGALUR,TARIKERE,46.31,84.73,93.67,93.71,91.7,89.81,91.58,85.74,82.35,67.29,55.47,64.92,97.53,86.98,64.54,77.23,56.07,71.2
KARNATAKA,CHITRADURGA,CHALLAKERE,55.87,60.79,84.22,82.42,99.37,111.39,116.39,112.82,107.78,79.71,61.29,112.43,149.76,122.78,120.58,135.43,117.52,62.4
KARNATAKA,CHITRADURGA,CHITRADURGA,43.05,48.77,53.13,61.08,52.08,46.88,44.92,55,65.53,53.02,54.36,49.93,62.19,46.45,32.18,48.6,76.05,55.7
KARNATAKA,CHITRADURGA,HIRIYUR,86.03,94.88,107.66,112.21,105.14,97.38,126.19,110.86,136.63,122,98.1,132.79,159.83,176.05,156.22,158.95,127.11,73.62
KARNATAKA,CHITRADURGA,HOLALKERE,39.41,53.47,67.59,82.93,67.72,51.29,68.57,81.34,77.89,49.59,56.39,42.68,73.69,126.54,126.04,121.18,33.17,26.53
KARNATAKA,CHITRADURGA,HOSDURGA,7.95,26.13,33.73,37.89,30.23,19.07,24.52,33.11,43.94,22.33,18.38,40.74,60.7,58.07,62.39,38.29,45.61,54.08
KARNATAKA,CHITRADURGA,MOLAKALMURU,28.46,23.51,38.51,42.16,51.68,52.75,48.19,43.4,42.79,24.29,30.31,54.74,66.83,77.01,73.36,83.91,64.88,56.43
KARNATAKA,DAKSHIN KANNAD,BANTVAL,43.33,50.79,38.44,50.72,44.02,63.78,51.93,60.45,58.75,63.99,57.18,57.26,66.22,59.66,59.93,68.16,72.33,71.78
KARNATAKA,DAKSHIN KANNAD,BELTANGADI,23.66,19.41,26.05,36.69,30.11,29.6,27.17,32.77,29.32,28.64,30.48,25.86,31.9,18.08,22.09,23.87,26.84,27.85
KARNATAKA,DAKSHIN KANNAD,MANGALORE,22.71,19.7,19.87,21.9,22.45,34.67,38.47,65.72,77.01,58.23,58.63,47.99,62.7,97.3,102.87,90.34,45.05,46.4
KARNATAKA,DAKSHIN KANNAD,PUTTUR,51.02,50.03,39.36,45.73,58.95,66.97,65.93,65.17,69.51,65.54,56.87,58.73,71.61,58.19,63.39,68.51,68.7,84.26
KARNATAKA,DAKSHIN KANNAD,SULYA,44.78,48.48,43.08,45.56,44.99,48.02,67.44,65.22,77.48,74.1,50.97,61.06,68.96,61.22,64.59,70.24,71.02,78.27
KARNATAKA,DAVANAGERE,CHANNAGIRI,33.09,44.41,47.37,58.11,56.52,34.48,44.22,32.14,34.44,22.09,16.07,31.13,37.57,28.49,28.14,25.98,39.19,32.85
KARNATAKA,DAVANAGERE,DAVANGERE,39.68,46.03,55.63,64.13,71.04,37.82,42.6,33.78,14.97,11.74,11.26,11.98,12.62,31.85,30.57,33.68,23.78,25.09
KARNATAKA,DAVANAGERE,HARIHAR,18.74,24.45,22.7,28.31,27.79,11.26,23.57,23.85,26.21,22.6,11.91,26.33,27.04,24.48,17.07,33.04,33.25,24.82
KARNATAKA,DAVANAGERE,HARPANAHALLI,45.96,50.62,114.05,111.83,108.07,114.33,94.06,40.18,68.18,37.76,39.88,58.26,74.84,59.21,48.83,83.32,92.18,75.85
KARNATAKA,DAVANAGERE,HONNALI,7.73,16.59,16.17,14.38,21.37,16.78,19.71,11.69,20.65,10.52,6.83,5,13.13,13.1,13.47,24.32,23.91,30.65
KARNATAKA,DAVANAGERE,JAGALUR,13.99,23.72,36.05,30.28,41.33,45.47,34.23,33.43,34.45,14.61,14.81,29.63,43.43,35.65,33.72,45.15,40,16.93
KARNATAKA,DHARWAD,DHARWAD,58.36,95.06,107.33,138.67,122.66,95.99,74.32,78.63,56.25,49.81,62.25,38.63,60.89,89.88,82.73,95.32,46.29,39.2
KARNATAKA,DHARWAD,HUBLI,7.9,15.77,21.71,22.35,33.26,34.17,41.62,19.42,27.03,19.79,25.03,30.13,30.55,34.09,29.49,29.74,11.27,10.9
KARNATAKA,DHARWAD,KALGHATGI,2.19,4.25,14.98,12.74,9.71,6.13,6.49,1.28,6.23,4.88,3.42,3.59,4.39,1.69,2.12,5.12,6.44,4.8
KARNATAKA,DHARWAD,KUNDAGOL,36.75,45.54,50.43,47.31,51.08,41.64,49.34,45.05,45.04,42.8,35.7,34.8,43.16,46.1,42.8,37,45.45,44.4
KARNATAKA,DHARWAD,NAVALGUND,28.5,28.36,30.65,27.9,41.38,41.13,41.65,55.87,63.71,41.98,36.59,40.24,49.79,46.04,49.6,50.21,59.19,61.46
KARNATAKA,GADAG,GADAG,32,36.6,50.64,52.49,62.83,48.06,58.36,41.23,46.35,45.23,41.98,55.96,53.95,55.77,46.41,49.76,27.96,10.41
KARNATAKA,GADAG,MUNDARGI,24.81,16.46,25.58,30.82,25.49,32.03,42.53,25.18,34.33,19.63,17.12,21.21,26.78,27,50.6,41.08,21.57,18.27
KARNATAKA,GADAG,NARGUND,49.3,49.15,53.45,49.04,37.07,42.74,33.84,56.48,29.28,25.54,39.66,31.84,37.59,26.14,69.19,70.04,83.79,69.36
KARNATAKA,GADAG,RON,63.21,85.52,93.64,89.68,78.57,97.13,135.86,130.29,130.98,85.03,102.62,106.92,115.05,113.47,96.88,87.7,102.49,101.4
KARNATAKA,GADAG,SHIRHATTI,39.73,37.99,86.76,66.73,73.3,67.18,77.68,60.06,67.87,56.17,38.07,42.87,57.31,81.96,67.54,80.39,49.05,41.82
KARNATAKA,GULBARGA,AFZALPUR,61.73,75.53,70.45,86.98,81.26,68.31,71.9,58.27,72.25,53.98,61.68,59.31,59.28,107.14,101.91,61.49,40.74,47.14
KARNATAKA,GULBARGA,ALAND,66.52,59.03,58.08,68.39,71.26,53.07,70.4,61.29,56.21,42.36,50.31,44.87,50.94,51.2,48.4,87.74,44.56,45.27
KARNATAKA,GULBARGA,CHINCHOLI,59.41,70.3,74.61,73.14,73.96,43.62,40.44,54.16,91.71,98.67,80.24,56.76,38.54,149.9,153.8,164.95,42.06,51.27
KARNATAKA,GULBARGA,CHITAPUR,20.01,26.13,24.76,27.36,26.16,19.32,24.14,22.41,22.61,21.79,18.97,25.42,38.99,23.44,32.3,30.89,31.89,23.7
KARNATAKA,GULBARGA,GULBARGA,68.02,95.38,95.05,133.33,119.18,93.54,107.89,86.53,72.34,74.64,59.28,90.75,67.09,47.26,61.56,79.85,53.16,35.63
KARNATAKA,GULBARGA,JEVARGI,18.27,35.54,26.27,40.76,27.21,18.53,20.41,20.62,26.66,21.18,26.73,31.14,27.13,100.78,110.24,42.92,32.88,41.73
KARNATAKA,GULBARGA,SEDAM,14.08,23.81,12.92,18.34,26.36,7.46,31.03,16.38,24.81,23.4,31.3,30.85,31.1,19.34,13.82,21.11,17.51,12.87
KARNATAKA,HASSAN,ALUR,11.33,14.01,20.31,19.26,10.52,5.69,7.74,5.32,8.87,12.12,10.34,9.81,19.91,12.97,8.99,18.36,26.2,23.29
KARNATAKA,HASSAN,ARKALGUD,22.35,28.59,25.26,39.13,15.7,29.43,38.29,35.21,43.07,46.28,23.69,42.67,54.28,46.57,39.05,63.95,68.38,41.97
KARNATAKA,HASSAN,ARSIKERE,48.15,53.26,58.51,55.39,42.59,53.3,62.82,61.93,51.47,49.98,46.72,56.23,59.56,62.02,55.97,71.79,48.5,46.26
KARNATAKA,HASSAN,BELUR,14.27,13.46,12.38,18.32,13.61,15.95,18.09,10.29,10.22,11.64,9.99,13.38,15.74,15.62,20.23,25.23,28.64,27.72
KARNATAKA,HASSAN,CHANNARAYAPATNA,40.58,42.88,56.19,59.9,45.97,27.64,40.66,48.73,57.69,60.97,49.93,49.05,56.6,57.73,52.77,59.65,56.7,43.79
KARNATAKA,HASSAN,HASSAN,61.62,67.4,92.38,82.75,82.12,64.16,60.57,60.04,44.21,60.81,40.76,42.94,57.98,65.65,61.36,62.47,61.53,50.91
KARNATAKA,HASSAN,HOLENARSIPUR,12.47,9.82,15.22,17.64,5.14,4.87,7.33,5.44,6.42,7.54,6.96,8.64,10.44,7.92,6.29,10.19,14.2,11.49
KARNATAKA,HASSAN,SAKLESHPUR,6.83,7.49,8.2,8.94,8.16,5.97,6.04,4.84,6.07,4.49,6.19,6.54,7.24,6.85,6.28,7.71,7.95,7.69
KARNATAKA,HAVERI,BYADGI,26.59,40.37,45.48,48.93,53.79,35.1,48.13,28.36,27.78,18.63,13.36,17.45,31.12,37.86,41.34,56.64,33.43,38.27
KARNATAKA,HAVERI,HANGAL,38.29,48.15,50.66,45.42,38.55,47.31,58.43,41.89,59.35,45.55,30.83,33.59,46.4,49.86,55.74,54.17,32.41,29.36
KARNATAKA,HAVERI,HAVERI,45.56,45.28,12.19,14.15,12.44,57.82,47.87,12.13,21.34,19.42,15.17,20.47,19.44,27.92,20.39,35.97,12.38,10.53
KARNATAKA,HAVERI,HIREKERUR,60.88,66.63,101.97,112.79,95.05,85.01,79.41,51.19,56.35,34.68,29.55,40.23,55.99,193.15,173.44,185.08,46.3,30.15
KARNATAKA,HAVERI,RANIBENNUR,29.38,35.61,33.32,45.71,34.7,39.67,40.07,16.44,20.52,14.97,16.77,21.32,24.02,25.96,26.62,18.61,19.81,20.21
KARNATAKA,HAVERI,SAVANUR,3.89,6.44,9.14,9.14,9.14,0,11.39,0.99,12.39,12.39,12.39,0,0,0,0,0,0,0
KARNATAKA,HAVERI,SHIGGAON,29.44,57.72,89.98,87.57,70.3,49.18,74.8,49.45,60.06,47.07,31.95,41.52,53.29,33.21,48.11,47.29,36.91,34.24
KARNATAKA,KODAGU,KODAGU,56.55,64.19,61.38,67.18,55.12,62.69,65.56,61.25,59.81,52.73,51.03,40.99,52.67,110.46,110.4,104.12,56.36,50.53
KARNATAKA,KODAGU,SOMVARPET,67.26,81.09,80.64,86.87,66.32,66.07,67.42,68.87,77.4,73.27,74.54,67.41,84.2,66.7,71.58,79.69,89.71,73.53
KARNATAKA,KODAGU,VIRAJPET,79.56,83.73,84.74,88.92,83.45,81.79,75.88,83.22,72.3,69.51,69.25,74.28,77.87,74.74,80.77,77.79,89.66,60.64
KARNATAKA,KOLAR,BANGARAPET,27.93,50.71,93.31,107.86,95.15,103.62,114.98,154.42,214.72,205.11,220.74,209.87,203.59,222.72,293.15,297.71,166.11,106.93
KARNATAKA,KOLAR,KOLAR,18.69,33.03,36.15,55.32,63.89,49.63,97.6,145.78,128.74,126.16,133.32,144.25,145.46,160.24,156.7,197.09,192.65,141.62
KARNATAKA,KOLAR,MALUR,29.23,49.67,92.35,97.36,111.67,126.21,131.59,134.99,90.67,87.95,143.76,142.18,142.09,235.9,235.9,235.9,132.24,14.22
KARNATAKA,KOLAR,MULBAGAL,0.36,1.46,2.46,49.81,42.67,49.78,54.94,60.8,75.76,79.64,71.33,81.05,77.06,91.42,118.08,125.9,70.49,21.36
KARNATAKA,KOLAR,SRINIVASAPURA,24.39,32.52,27.93,44.62,56.13,61.78,59.53,59.83,39.57,41.81,43.68,44.46,42.19,102.26,73.67,75.16,61.61,61.84
KARNATAKA,KOPPAL,GANGAWATI,44.72,41.87,50.92,52.52,56.35,61.01,54.86,39.66,58.71,39.36,41.41,50.96,61.47,51.64,55.33,51.78,40.69,40.62
KARNATAKA,KOPPAL,KOPPAL,42.25,40.93,54.24,54.82,54.38,50.83,51.49,43.23,44.69,47.48,32.24,51.58,56.97,45.14,51.13,50.46,44.68,34.3
KARNATAKA,KOPPAL,KUSHTAGI,31.39,31.11,45.64,55.1,58.34,56.24,57.46,56.74,55.65,54.28,45.97,38.05,47.85,129.82,85.5,85.52,41.6,38.95
KARNATAKA,KOPPAL,YELBARGA,46.14,47.22,65.1,61.84,62.37,65.78,66.03,77.93,72.53,65.99,58.28,91.7,79.4,86.31,75.37,77.58,62.95,65.54
KARNATAKA,MANDYA,KRISHNARAJPET,12.06,25.75,34.21,41.63,41.17,22.57,27.19,19.85,23.48,10.19,9.46,7.95,9.05,39.14,46.27,24.71,37.21,30.77
KARNATAKA,MANDYA,MADDUR,17.22,25.24,40.24,40.61,25.61,19.28,32.6,19.13,28.7,28.95,21.2,28.91,43.39,38.01,32.28,34.28,44.21,26.39
KARNATAKA,MANDYA,MALAVALLI,21.45,40.85,48.98,58.27,48.79,43.7,43.91,59.27,67.63,45.71,65.77,51.98,52.43,69.11,65.36,60.12,56.19,52.98
KARNATAKA,MANDYA,MANDYA,8.71,11.73,18.84,15.18,11.45,3.97,17.5,10.89,15.03,14.74,9.33,12.38,15.34,25.36,16.82,12.93,21.45,30.43
KARNATAKA,MANDYA,NAGAMANGALA,15.42,24.23,40.15,58.94,42.08,27.45,64.67,39.05,48.72,30.58,50.16,50.2,88.64,71.14,58.56,55.38,57.59,42.81
KARNATAKA,MANDYA,PANDAVAPURA,13.53,28.72,37.03,35.38,20.16,27.78,46.31,43.96,43.79,38.59,34.58,42.58,44.31,54.27,41.37,42.67,27.07,25.17
KARNATAKA,MANDYA,SHRIRANGAPATTANA,12.92,21.63,23.82,22.81,18.37,10.77,29.09,24.09,25.87,19.56,17.2,25.98,26.92,31.41,26.28,28.45,31.77,22.94
KARNATAKA,MYSORE,HEGGADADEVANKOTE,50.58,30.55,48.12,49.83,46.72,27.89,40.37,44.77,54.38,47.88,46.17,48.61,60.84,58.06,61.47,59.88,58.3,44.59
KARNATAKA,MYSORE,HUNSUR,67.42,58.9,63.32,66.04,37.91,32.72,53.42,58.87,67.4,55.43,42.11,54.03,63.03,68.19,73.28,66.24,57.93,43.15
KARNATAKA,MYSORE,KRISHNRAJANAGARA,32.27,30.87,37.92,42.29,40.44,23.14,33.48,33.01,43.19,40.57,28.11,34.43,40.36,43.98,46.01,47.53,43.94,27.72
KARNATAKA,MYSORE,MYSORE,42.29,42.11,44.46,39.48,33.83,46.69,51.65,56.75,56.96,58.44,36.28,37.81,37.48,58.97,52.49,56.62,35.37,19.16
KARNATAKA,MYSORE,NANJANGUD,25.63,19.19,25.33,26.03,20.59,18.02,24.2,25.26,33.12,31.34,25.66,25.3,51.49,50.63,44.16,36.56,71.39,66.6
KARNATAKA,MYSORE,PIRIYAPATNA,34.2,26.03,47.7,50.12,40.43,31.87,42.64,25.78,31.37,40.63,33.98,41.51,57.04,55.74,50.39,49.33,84.06,44.69
KARNATAKA,MYSORE,TIRUMAKUDAL NARSIPUR,17.45,11.82,19.3,18.79,15.05,12.67,17.61,18.47,15.7,16.98,14.52,20.34,22.64,25.16,19.45,30.35,32.71,32.65
KARNATAKA,RAICHUR,DEODRUG,18.53,16.32,29.9,33.86,33.1,20.05,20.95,16.6,26.15,14.11,11.95,15.5,17.35,64.1,17.7,20.78,18.08,11.55
KARNATAKA,RAICHUR,LINGSUGUR,22.79,19.49,23.91,34.79,38.67,32.39,39.74,20.39,19.39,14.38,19.28,23.1,33.47,16.44,17.39,24.99,25.69,22.74
KARNATAKA,RAICHUR,MANVI,53.85,38.49,69.94,77.61,79.85,62.44,66.02,50.67,61.12,48.1,36.02,59.16,81.53,104.45,111.62,134.62,55.9,38.34
KARNATAKA,RAICHUR,RAICHUR,10.87,9.71,14.13,13.24,14.26,10.61,14.8,7.56,11.75,9.91,7.17,9.6,13.57,3.35,3.61,7.71,6.15,7.26
KARNATAKA,RAICHUR,SINDHNUR,22.68,18.24,29.57,38.04,35.44,28.48,29.06,18.39,22.84,16.17,20.21,33.22,31.18,23.76,35.91,32.62,18.74,17.74
KARNATAKA,RAMANAGARA,CHANNAPATNA,31.26,48.75,63.31,61.06,53.41,34.13,67.69,66.94,61.3,34.49,59.66,49.43,58.28,139.07,122.35,115.68,67.64,57.83
KARNATAKA,RAMANAGARA,KANAKAPURA,28.13,33.09,66.52,68.74,53.3,37.17,50.98,60.71,58.37,47.55,48.32,54.14,65.16,58.17,63.72,69.71,62.71,61.3
KARNATAKA,RAMANAGARA,MAGADI,35.8,48.71,73.85,83.18,73.19,50.05,82.58,74.31,69.42,66.49,68.77,55.18,104.2,85.1,80.46,72.92,78.15,34.74
KARNATAKA,RAMANAGARA,RAMANAGARAM,12.52,32.42,38.67,41.26,29.55,14.9,36.74,38.08,35.49,39.29,32.9,39.51,43.11,60.51,59.6,61.27,46.25,31.13
KARNATAKA,SHIMOGA,BHADRAVATI,5.3,5.77,4.04,7.63,7.26,7.29,4.81,4.01,8.26,4.99,2.92,4.84,2.47,3.39,2.6,3.04,4.66,6.4
KARNATAKA,SHIMOGA,HOSANAGARA,18.9,22.1,23,23.25,24.55,13.81,19.2,27.19,35.45,13.65,13.05,12.66,37.45,84.83,84.03,85.6,10.8,11.2
KARNATAKA,SHIMOGA,SAGAR,21.58,20.24,17.31,18.44,15.87,19.56,19.27,16.48,20.26,18.74,15.82,17.14,18.86,17.23,16.95,18.64,22.61,20.31
KARNATAKA,SHIMOGA,SHIKARIPUR,15.84,36.65,36.24,32.17,25.97,21.48,44.61,34.08,31.54,27.51,32.39,25.13,26.59,36.17,33.78,18.66,37.02,35.87
KARNATAKA,SHIMOGA,SHIMOGA,10.09,23.37,13.69,13.04,16.32,10.05,15.5,7.23,17.56,10.5,7.67,11.24,9.13,10.01,8.29,9.41,13.14,11.62
KARNATAKA,SHIMOGA,SORAB,50.47,63.49,58.56,66.82,61.42,48.94,57.29,43.18,50.32,48.45,32.29,38.27,47.9,34.93,37.4,44.43,74.57,94.67
KARNATAKA,SHIMOGA,TIRTHAHALLI,19.95,23.42,22.78,48.45,51.66,42.61,45.26,39.91,47.59,44.14,36.61,43.24,44.77,37.58,38.35,41.99,45.32,35.66
KARNATAKA,TUMKUR,CHIKNAYAKANHALLI,31.77,47.63,63.13,71.29,77.6,50.49,68.2,58.58,49.99,51.56,32.68,51.01,65.68,107.59,101.44,95.24,24.32,27.24
KARNATAKA,TUMKUR,GUBBI,111.84,94.44,139.5,143.12,193.03,123.37,149.41,136.71,112.56,114.98,98.82,111.92,154.36,207.85,212.11,205.28,124.76,100.19
KARNATAKA,TUMKUR,KORATAGERE,26.86,39.65,58.54,64.22,67.91,68.05,79.51,70.01,39.16,44.89,50.6,53.46,50.6,45.07,50.09,47.86,46.54,41.64
KARNATAKA,TUMKUR,KUNIGAL,36.81,35.82,67.54,74.94,67.66,50.05,60.37,45.77,42,61.89,68.4,59.68,73.27,56.24,50.79,53.27,41.4,37.6
KARNATAKA,TUMKUR,MADHUGIRI,66.61,59.27,112.99,133.27,211.96,179.21,147.76,156.92,92.87,83.92,110.59,113.87,234.89,248.2,253.82,249.29,151.67,122.27
KARNATAKA,TUMKUR,PAVAGADA,32.4,25.73,39.77,46.64,32.93,24.17,32.21,43.51,25.74,29.15,33.32,54.91,58.08,122.19,105.7,109.46,35.49,21.71
KARNATAKA,TUMKUR,SIRA,13.12,16.21,26.39,27.97,30.31,10.15,19.65,31.16,20.32,27.19,16.86,22.34,40.86,36.45,36.16,39.22,19.9,14.93
KARNATAKA,TUMKUR,TIPTUR,58.95,55.72,62.86,67.92,62.11,74.55,80.57,85.47,74.78,74.98,68.06,77.64,97.63,87.77,85.39,75.09,86.43,97.04
KARNATAKA,TUMKUR,TUMKUR,58.71,75.79,90.49,91.66,100.18,99.83,127.4,132.14,124.91,124.52,106.74,125.27,147.11,144.72,139.87,139.18,39.2,40.55
KARNATAKA,TUMKUR,TURUVEKERE,41.77,46.2,45.97,52.99,32.93,21.72,53.72,38.07,31.06,33.54,25.06,25.98,57.31,48.36,42.97,40.19,38.11,43.78
KARNATAKA,UDUPI,KUNDAPURA,67.82,67.61,62.23,71.25,72.38,74.71,54.63,45.4,64.35,62.19,58.64,62.86,66.35,65.35,71.14,55.67,65.48,75.99
KARNATAKA,UDUPI,UDUPI,43.08,39.76,36.17,42.47,42.58,45.21,43.25,35.89,41.88,42.45,34.32,39.23,43.52,35.65,33.73,43.88,47.73,53.75
KARNATAKA,UTTARA KANNADA,ANKOLA,19.21,14.55,15.67,16.38,15.15,20.18,19.11,14.63,22.44,18.47,17.68,23.02,24.54,19.94,19.56,29.12,19.57,25.99
KARNATAKA,UTTARA KANNADA,BHATKAL,13.59,12.4,12.58,11.43,11.01,10.36,10.48,9.98,11.22,10.49,9.83,21.63,19.47,59.91,59.09,59.52,11.46,11.57
KARNATAKA,UTTARA KANNADA,HALIYAL,10.06,12.12,11.64,13.5,12.78,8.16,15.67,9.24,10.73,10.16,9.36,15.37,19.86,20.58,20.38,15.97,15.1,15.47
KARNATAKA,UTTARA KANNADA,HONAVAR,12.92,12.95,13.32,14.34,13.49,13.39,29.46,28.81,30.59,30.05,25.34,31.17,29.91,32.05,31.07,32.48,27.91,29.85
KARNATAKA,UTTARA KANNADA,KARWAR,6.47,6.93,6.89,7.08,5.61,6.25,4.93,5.49,6.84,7.88,6.92,7.12,5.62,3.53,5.05,6.54,5.45,6.26
KARNATAKA,UTTARA KANNADA,KUMTA,29.24,27.79,28.66,28.08,29.19,27.87,25.57,27.39,27.53,31.73,30.91,27.99,37.37,34.51,33.01,32.6,37.23,34.61
KARNATAKA,UTTARA KANNADA,MUNDGOD,7.14,14.72,15.43,15.49,12.14,7.3,8.48,4.45,10.83,8.1,7.63,7.58,6.89,6.38,6.71,8.47,9.83,7.4
KARNATAKA,UTTARA KANNADA,SIDDAPUR,34.94,37.4,36.77,35.54,40.01,36.75,32.35,28.56,39.39,32.79,34.47,38.04,28.27,33.12,34.95,37.73,36.35,34.44
KARNATAKA,UTTARA KANNADA,SIRSI,58.45,68.8,65.59,71.75,67.8,55.54,65.93,63.56,74.7,70.23,56.48,66.5,65.39,68.27,67.39,69.84,41.56,31.25
KARNATAKA,UTTARA KANNADA,SUPA,24.32,24.79,24.98,25.51,19.61,22.96,19.11,18.24,25.08,28.54,20.44,22.9,23.27,17.66,21.74,27.85,33.95,28.06
KARNATAKA,UTTARA KANNADA,YELLAPUR,25.39,30.97,34.49,35.82,28.48,24.09,18.02,22.27,31.47,25.46,23.51,27.42,33.08,24.23,23.09,31.4,32.7,30.78
KARNATAKA,YADGIR,SHAHPUR,33.54,40.22,35.12,44.86,41.68,39.56,47.79,44.24,41.63,40.43,33.88,41.4,43.86,44.48,37.7,42.73,38.89,36.98
KARNATAKA,YADGIR,SHORAPUR,49.54,63.83,53.8,64.54,63.36,67.08,85.95,51.22,63.32,61.62,66.77,64.53,57.37,79.84,84.63,81.45,43.04,53
KARNATAKA,YADGIR,YADGIR,64.19,75.48,66.5,92.1,105.15,77.69,102.45,96.78,93.68,67.26,51.26,50.07,58.96,49.33,63.32,68.94,59.81,40.52
TAMILNADU,ARIYALUR,AGASTHEESWARAM,63.73,68.73,77.71,88.04,88.95,67.65,50.49,37.35,57.25,46.21,47.27,37.94,45.16,48.92,38.28,30.17,22.85,30.63
TAMILNADU,ARIYALUR,ALANGANALLUR,17.05,20.72,15.05,22.3,19.25,32.38,32.93,31.11,5.11,9.2,67.8,66.7,75.06,125.35,132.61,119.3,142.58,142.15
TAMILNADU,ARIYALUR,ALANGAYAM,23.37,21.11,29.21,30.26,26.83,22.14,30.48,23.62,25.31,30.6,28.71,28.57,24.22,26.57,35.92,28.1,21.01,14.36
TAMILNADU,ARIYALUR,ALANGULAM,33.07,27.47,28.27,34.93,19.8,49.03,11.75,11.55,22.28,21.29,31.27,18.86,28.53,37.11,27.01,6.44,18.44,48.92
TAMILNADU,CHENNAI,ALATHUR,6.49,6.96,8.24,11.8,7.55,8.48,8.88,7.75,10.75,11.4,8,8.1,5.68,11.67,9.68,13.93,14.9,14
TAMILNADU,COIMBATORE,ALWARTHIRUNAGIRI,4.92,6.12,6.16,7.2,6.14,14.3,9.1,12,8.56,8.84,13.3,5.94,8.26,18.65,22.85,5.42,15.45,21.62
TAMILNADU,COIMBATORE,AMBASAMUDRAM,20.29,21.35,17.25,18.76,16.47,22.93,12.62,11.72,13.89,16,22.85,18.96,19.15,21.56,20.27,13.94,24.88,19.94
TAMILNADU,COIMBATORE,AMMAPET,1.32,1.38,8.34,18.76,1.86,1.52,2.86,1.91,3.26,2.46,1.38,2.01,12.71,2.19,17.01,3.98,18.76,12.49
TAMILNADU,COIMBATORE,AMMAPETTAI,32.87,21.24,19.99,36.57,36.03,40.24,33.02,20.54,14.5,33.11,7.46,23.47,20.08,35.49,29.6,13.26,24.6,20.8
TAMILNADU,COIMBATORE,ANAICUT,33.43,23.9,34.67,25.4,29.31,31.75,34.34,28.74,29.39,29.54,24.96,23.65,24.8,27.16,36.71,24.65,25.51,13.01
TAMILNADU,COIMBATORE,ANAIMALAI,0,0,0,0,0,0,6.52,7.11,4.45,2,1.92,1.9,1.9,3.61,4.75,7.96,2.7,3.58
TAMILNADU,COIMBATORE,ANAKAVUR,7.35,4.25,7.9,2.09,4.75,5,12.8,1.8,5.72,7.15,2.74,0.74,3.45,5.14,11.12,0.92,6.47,5.72
TAMILNADU,COIMBATORE,ANDIPATTI,33.85,31.8,37,36.3,25.23,20.17,27.58,17.34,16.33,43.32,33,19.48,34.85,84.92,65.91,31.15,51.94,35.04
TAMILNADU,COIMBATORE,ANNAVASAL,6.95,6.71,7.29,7.11,10.3,6.27,9.54,8.85,6.65,8.81,6.4,6.25,6.6,10.82,14.68,7.74,8.83,13.25
TAMILNADU,COIMBATORE,ANNUR,97.58,115.05,138.32,147.44,127.37,92.52,100.54,88.81,90.97,113.63,107.13,59.23,48.13,128.23,137.9,85.31,105.27,123.9
TAMILNADU,COIMBATORE,ANTHIYUR,49.72,51.28,47.64,60.35,60.33,32.3,55.66,32.85,36.03,32.4,32.38,34.98,47.83,43.52,71.68,29.71,54.08,30.9
TAMILNADU,COIMBATORE,ARAKONAM,30.17,14.53,22.13,30.87,32.26,21.34,30.83,26.33,25.38,25.65,26.13,26.43,18.89,28.09,34.4,31.43,21.88,14.65
TAMILNADU,COIMBATORE,ARANI,7.9,3.35,7.92,6.35,6.93,4.41,19.3,5.76,8.5,11.46,12.63,12.98,8.46,13.75,20.31,8.25,6.4,4.5
TAMILNADU,CUDDALORE,ARANTHANGI,18.51,20.35,21.4,25.31,20.05,18.82,13.7,5.25,8.38,11.05,8.32,8.47,7.68,16.2,21.08,12.35,19.55,18.04
TAMILNADU,CUDDALORE,ARAVAKURICHI,17.36,22,23.72,24.06,14.07,12.87,16.66,11.64,11.57,9.34,6.85,6.9,9.28,14.09,21.02,13.45,15.8,14.69
TAMILNADU,CUDDALORE,ARCOT,12.49,9.35,12.8,24.5,13.77,16.46,12.9,10.7,11.55,12.83,12.21,13.7,13.37,12.22,20.68,15.31,12.98,20.13
TAMILNADU,CUDDALORE,ARIYALUR,8.08,12.18,13.1,19.08,19.08,13.85,18.07,18.52,17.28,15.8,8.08,3.24,7.48,7.62,16.38,28.5,28.5,28.5
TAMILNADU,CUDDALORE,ARUPPUKKOTTAI,15.85,14.95,15.41,16.55,17.73,16.87,16.39,10.7,2.23,8.6,4.15,5.05,11.87,14.8,18.87,10.12,17,26.32
TAMILNADU,CUDDALORE,ATTUR,23.44,21.44,32.15,24.36,23.75,23.28,32.44,18.99,36.15,70.1,61.7,37.95,66.03,52.77,36.64,31.8,74.2,29.9
TAMILNADU,CUDDALORE,AVANASHI,41.29,44.69,48.68,65.48,45.97,61.28,76.04,65.82,61.21,65.94,64.05,56.25,72.84,82.96,86.74,52.57,63.08,62.47
TAMILNADU,CUDDALORE,AVUDAYARKOIL,3.13,2.76,1.61,3.37,2.31,1.26,3.09,2.83,1.71,2.91,1.73,1.21,1.98,3.56,5.21,4.36,4.36,4.86
TAMILNADU,CUDDALORE,AYODHIAPATTINAM,14.18,10.81,29.26,25.71,24.91,11.74,20.04,9.69,9.21,25.89,20.01,11.89,13.99,16.49,22.24,14.62,12.85,8.75
TAMILNADU,CUDDALORE,BARGUR,18.35,16.03,17.74,22.51,22.51,15.89,20.01,17.81,10.67,10.67,0,17.96,19.11,26.31,10.67,10.67,0,0
TAMILNADU,CUDDALORE,BHAVANI,18.29,39.46,61.39,65.46,45.4,43.99,23.15,18.19,19.07,28.29,22.6,20.09,32.56,49.59,72.44,43.42,56.29,61.08
TAMILNADU,CUDDALORE,BHAVANISAGAR,21.54,25.25,31.98,29.08,31.32,13.2,27.61,23.36,13.05,23,19.35,15.25,14.6,20.31,23.95,16.4,25.25,30.78
TAMILNADU,CUDDALORE,BHUVANAGIRI,52.91,61.25,54.31,60.32,37.18,60.62,51.54,47.28,48,49.71,75.8,74.27,72.09,18.56,21.64,33.73,35.57,58.85
TAMILNADU,CUDDALORE,BODINAYAKANUR,7.82,6.92,10.48,4.64,5.02,6.31,9.11,7.51,4.87,10.27,17.91,4.61,5.6,16.25,11.71,7.83,9.57,7.01
TAMILNADU,DHARMAPURI,BUDALUR,5.4,5.36,9.63,5.8,2.15,4.08,11.26,6.83,7.08,8.75,5.21,7.68,7.79,7.91,10.58,7.35,11.93,10.9
TAMILNADU,DHARMAPURI,CHELLAMPATTI,27.18,30.62,28.55,35.29,27.35,35.28,31.8,30.32,7.15,8.1,89.55,88.57,102.08,101.6,131.55,110.95,160.23,162.8
TAMILNADU,DHARMAPURI,CHENGAM,35.71,22.76,40.18,27.66,19.37,17.86,40.72,28.13,34.44,35.94,34.65,15.51,14.17,28.93,35.29,13.3,28.58,19.13
TAMILNADU,DHARMAPURI,CHENNAI,61.93,56.38,32.71,73.37,65.96,38.82,80.01,34.52,43.36,43.19,38.6,33.63,48.72,55.06,46.53,73.39,50.09,57.63
TAMILNADU,DHARMAPURI,CHENNIMALAI,17.32,21.18,24.86,29.3,22.57,20.57,39.82,11.55,11.87,17.57,11.68,9.33,21.17,21.62,22.14,18.16,19.32,14.28
TAMILNADU,DHARMAPURI,CHERANMADEVI,3.7,4.95,1.58,1.72,1.28,3.35,1.73,1.31,1.25,1,5.15,3.33,2.93,2.48,2.5,1.39,0.8,0.51
TAMILNADU,DHARMAPURI,CHETPET,7.15,3.85,14.63,9.16,3.05,2.55,7.45,11.2,2.5,6.43,7.63,2.35,3.9,7.38,13.54,6.53,5.85,3.5
TAMILNADU,DINDIGUL,CHEYYAR,4.74,2.59,2.54,1.44,1.4,1.14,5.34,0.99,2.51,3.74,1.49,1.04,0.92,1.26,5.37,0.32,2.28,2.54
TAMILNADU,DINDIGUL,CHINNA SALEM,4.3,7.98,9.85,6.17,5.99,2.59,8.58,4.2,5.3,9.1,3.7,3.05,6.5,7.84,9.21,10.2,10.48,8.47
TAMILNADU,DINDIGUL,CHINNAMANUR,2.61,4.51,5.58,9.3,4.47,4,6.41,1.55,0.93,3.05,2.37,1.37,4.04,3.75,3.88,2.6,6,2.92
TAMILNADU,DINDIGUL,CHITHAMUR,2.8,6.92,7.4,2.95,4.42,6,6.9,1.91,1.9,5.89,5.3,1.5,5.5,4.19,4.62,1.6,8.25,2.53
TAMILNADU,DINDIGUL,COIMBATORE SOUTH,23.64,40.87,55.97,67.43,48.91,32.41,17.89,10.75,19.19,23.9,22.9,13.35,35.12,52.77,45.47,37.18,77.85,73.55
TAMILNADU,DINDIGUL,COONOOR,5.1,4.7,3.73,4.81,4.56,2.13,5.52,3.8,3.93,4.1,2.56,2.34,4.91,4.78,5.1,1.75,6.43,4.86
TAMILNADU,DINDIGUL,CUDDALORE,34.34,42.48,48.79,60.37,50.07,61.97,48.79,48.21,26.93,37.43,38.45,69.58,78.4,77.42,84.7,28.18,28.67,28.34
TAMILNADU,DINDIGUL,DEVAIKKOTTAI,3.96,4.03,1.62,5.97,2.61,3.61,7.63,5.01,2.17,4.93,2.48,1.31,9.66,5.51,4.66,2.51,4.21,6.06
TAMILNADU,DINDIGUL,DHARAPURAM,12.49,19.7,17.56,36.43,15.04,12.21,44.19,12.5,9.85,14.7,19.33,18.34,17.44,20.03,53.05,15.73,50.37,43.89
TAMILNADU,DINDIGUL,DHARMAPURI,23.95,28.69,63.84,102.67,97.31,68.49,103.94,92.72,37.35,40.87,40.09,29.49,43.7,41.62,63.3,32.75,51.42,26.52
TAMILNADU,DINDIGUL,DINDIGUL,69.45,62.66,36.01,41.09,31.09,33.04,45.05,26.84,34.93,43.65,29.56,19.57,37.18,52.18,43.61,79.92,81.02,52.54
TAMILNADU,DINDIGUL,EDAPPADI,25.54,26.43,16.06,24.75,23.48,15.34,20.14,18.19,18.59,20.61,21.47,18.76,18.46,26.09,23.99,25.69,19.9,19.95
TAMILNADU,DINDIGUL,ELAICHIPALAYAM,5.89,15.38,7.83,7.23,23.68,1.96,12.46,10.68,6.98,11.78,8.89,4.13,10.28,10.33,14.23,9.55,13.23,2.61
TAMILNADU,ERODE,ERODE,6.87,4.57,7.93,8.47,7.84,0.59,10.59,6.5,12.09,13.73,10.34,9.59,11.54,10.64,14.44,10.15,19.39,17.95
TAMILNADU,ERODE,GANDARVAKKOTTAI,9.09,13.86,7.55,8.21,3.29,6.81,12.17,7.55,8.9,5.2,11.14,7.8,3.81,10.13,11.9,10.8,22.55,11.7
TAMILNADU,ERODE,GANGAVALLI,14.58,15.36,21.4,21.33,30.02,23.7,12.47,11.66,12,18.24,21.55,17.87,22.25,28.2,50.03,30.26,57.27,26.46
TAMILNADU,ERODE,GINGEE,9.95,9.51,18.96,18.67,18,8.35,12.31,7.26,8.8,10.37,11.82,10.32,13.29,14.37,11.38,10.29,10.96,7.84
TAMILNADU,ERODE,GOBICHETTIPALAYAM,8.62,15.46,15.71,17.41,9.36,5.56,14.35,3.44,4.51,6.89,2.23,4.41,2.6,14.24,19.69,11.47,24.01,14.63
TAMILNADU,ERODE,GUDALUR,17.22,11.79,13.8,14.08,11.67,11.9,13.63,10.4,12.1,9.65,10.67,10.21,14.46,17,17.68,17.97,4.39,3.24
TAMILNADU,ERODE,GUDIMANGALAM,22.08,23.46,16.95,23,24.17,20.72,27.45,22.06,20.78,25.16,25.55,20.85,21.98,31.08,26.13,23.4,23.28,33.32
TAMILNADU,ERODE,GUDIYATHAM,15.35,13.52,17.71,22.65,32.83,40.1,52,50.7,49.9,48.55,6.45,7.57,34.75,29.5,29.5,22.95,22.95,0
TAMILNADU,ERODE,GUMMIDIPOONDI,10.5,4.85,6.28,10.88,11.12,7.19,10.9,5.52,9.86,10.38,3.95,5.56,6.29,10.07,12,8.73,9.12,8.9
TAMILNADU,ERODE,GUZILIAMPARAI,12.6,30.46,29.46,51.06,29.38,17.78,21.39,24.17,13.95,8.06,22.98,18.93,16.99,21.88,28.24,19.23,26.46,17.91
TAMILNADU,ERODE,HARUR,48.81,41.14,56.23,61.24,68.26,39.19,63.15,70.36,42.95,62.21,85.1,46.93,36.86,39.64,80.45,70.04,77.01,58.3
TAMILNADU,ERODE,HOSUR,17.25,14.94,18.21,31.58,32.24,20.5,30.7,28.1,14.8,13.55,17.94,18.98,52.8,18.08,20.59,15.74,20.61,16.79
TAMILNADU,ERODE,ILAYANKUDI,5.3,5.81,6.2,5.45,5.45,2.31,5.6,6.05,5.2,5.79,4.62,4.2,4.2,5.2,5.37,3.35,6.2,6.24
TAMILNADU,ERODE,JAWATHU HILLS,11.76,8.05,20.83,16.6,77.36,75.8,12.4,2.6,5.05,4.12,0.29,10.4,13.35,18.25,18.25,18.25,8.47,7.76
TAMILNADU,KANCHEEPURAM,JAYANKONDAM,6.35,6.75,4.2,4.55,0.98,51.91,57.94,57.9,60.61,61.55,58.7,58.7,6.6,7.16,16.56,15.9,7.7,5.34
TAMILNADU,KANCHEEPURAM,JOLARPET,8.82,2.17,11.06,13.5,13.5,9.23,13.5,13.5,13.5,13.5,0,0,0,0,0,0,0,0
TAMILNADU,KANCHEEPURAM,K.PARAMATHY,5.04,3.52,16.58,8.38,7.2,8.28,3.77,4.4,3.96,2.38,5.65,3.18,3.18,5.24,7.54,2.88,5.73,4.38
TAMILNADU,KANCHEEPURAM,K.V. KUPPAM,13.69,27.34,34.85,30.17,32.14,33.69,28.59,36.24,17.99,37.99,32.77,41.25,33.29,36.14,37.43,34.63,31.34,21.8
TAMILNADU,KANCHEEPURAM,KABILAMALAI,6.53,7.4,5.94,8.3,8.35,1.15,10.45,3.09,6.45,7.91,6.5,7.19,4,6.5,10.84,5.9,8.35,12.87
TAMILNADU,KANCHEEPURAM,KADALADI,9.79,8.29,7.99,12.62,8.9,7.3,9.56,11.57,5,7.65,6.31,4.81,6.02,9.37,9.92,6.48,10.35,11.94
TAMILNADU,KANCHEEPURAM,KADAMBATTUR,5.82,3.21,3.95,11.1,9.73,0.96,8.28,4.51,5.66,5.65,4.22,2.8,1.45,0.78,6.1,7.15,9.15,9.05
TAMILNADU,KANCHEEPURAM,KADAVUR,7.25,7.25,0,0,6.5,8.46,14.5,6,10.64,10.7,7.66,5.8,5.15,13.61,14.37,12.88,14.3,14.3
TAMILNADU,KANCHEEPURAM,KADAYAM,13.8,14.15,6.85,11,21.94,5.64,10.05,3.42,5.21,2.4,9.62,3.81,10.78,9.84,10.82,7.34,12.16,11.38
TAMILNADU,KANCHEEPURAM,KADAYAMPATTI,9.39,15.13,26.36,17.56,20.9,45.65,24.38,5.97,10.92,30.6,6.39,4.65,13.05,48.7,72.95,20.4,27.66,31.11
TAMILNADU,KANCHEEPURAM,KADAYANALLUR,15.45,17.89,19.51,15.2,18.99,17.66,8.74,5.69,6.47,16.47,16.53,5.97,12.56,15.36,17.5,0.85,18.39,26.75
TAMILNADU,KANCHEEPURAM,KALAKKAD,20.75,24.54,21.38,31.08,20.62,23.64,15.17,19.34,15.61,19.35,22.14,19.57,23.14,28.3,24.58,10.42,19.99,29.86
TAMILNADU,KANCHEEPURAM,KALKULAM,77.58,52.52,60.52,72.31,43.73,48.53,85.28,39.29,45.15,59.08,48.19,63.41,67.06,47.77,42.88,40.28,52.03,31.88
TAMILNADU,KANCHEEPURAM,KALLAKKURICHI,18.25,19.88,29.78,22.52,11.41,9.16,20.96,14.71,20.18,28.75,25.55,17.28,10.12,20.23,26.68,21.18,25.65,21.15
TAMILNADU,KANYAKUMARI,KALLLIKUDI,32.99,45.75,35.19,36.14,23.47,44.84,46,46.12,2.15,2.15,53.82,53.82,43.87,61.77,57.47,47.4,68.27,73.25
TAMILNADU,KANYAKUMARI,KAMMAPURAM,44.1,45.97,60.6,51.08,47.34,52.81,65.4,47.88,61.49,60.65,59.67,99.46,57.36,58.21,58.02,151.36,152.97,152.97
TAMILNADU,KANYAKUMARI,KAMUTHI,102.61,94.27,101.21,98.83,111.78,107.75,116.04,126.3,96.8,113.6,75.45,61.05,65.32,70.06,78.6,66.27,77.43,78.47
TAMILNADU,KANYAKUMARI,KANCHEEPURAM,13.03,9.63,9.55,8.5,5.6,5.75,13.58,7.23,9.57,14.75,9.1,9.66,12.03,11.43,11.46,7.63,10.27,7.01
TAMILNADU,KANYAKUMARI,KANDILI,45.45,21.33,46.4,61.29,72.23,59.91,72.93,58.88,69.51,66.61,59.4,47.86,45.11,57.91,65.56,62.39,73.15,55.68
TAMILNADU,KANYAKUMARI,KANGEYAM,21.98,24.73,22.37,37.92,34.97,18.36,18.62,23.2,15.63,21.53,18.44,25.12,17.91,27.12,20.93,21.99,27.57,20.67
TAMILNADU,KARUR,KARAIKUDI,11.49,9.97,8.56,17.66,7.66,5.18,15.78,9.11,11.69,9,4.86,3.71,4.29,12.54,19.16,11.46,14.01,15.22
TAMILNADU,KARUR,KARAMADAI,39.55,37.62,45.69,36.47,26.57,41.06,49.19,40.45,17.05,21.52,31.14,25.79,26.15,31.4,41.23,30.33,35.63,25.96
TAMILNADU,KARUR,KARAMBAKKUDI,7.26,9.1,8.9,11.3,5.2,4.5,11.92,3.2,9.9,5.75,0.61,2.2,9.24,1.62,4.22,0.9,1.4,6.65
TAMILNADU,KARUR,KARIAPATTI,33.36,38.17,40.34,45.01,47.2,37.67,12.65,8.64,7.97,18.02,28.55,25.07,24.28,27.62,32.8,21.49,23.31,28.37
TAMILNADU,KARUR,KARIMANGALAM,1.93,4.98,12.27,11.85,11.95,2.7,11.9,5.53,7.74,8.12,7.93,2.23,5.5,9.28,12.78,4.35,11.28,14.5
TAMILNADU,KARUR,KARUNKULAM,35.58,34.32,29.05,44.17,28.98,28.05,15,8.78,8.58,21.05,14.4,7.48,12.81,18.51,21.85,3.95,11.07,17.44
TAMILNADU,KARUR,KARUR,3.07,3.45,4.77,4.36,6.51,3.17,2.02,2.02,2.02,2.02,0,0,2.55,2.55,2.55,6.16,2.85,2.85
TAMILNADU,KRISHNAGIRI,KATPADI,16.11,14.6,6.12,7.15,25.43,20.45,19.58,18.9,17.83,21.31,18.3,14.49,14.19,21.91,21.91,17.08,21.91,9.6
TAMILNADU,KRISHNAGIRI,KATTANKOLATTUR,13.85,13.2,15.95,16.95,6.75,3.59,21.75,7.1,15.72,12.53,13.61,10.45,8.85,11.86,11.44,11.13,14.25,8.5
TAMILNADU,KRISHNAGIRI,KATTUMANNARKOIL,31.1,34.93,32.88,32.4,32.28,34.53,40.43,36.17,4.2,6.25,33.85,73.1,78.17,30.9,36.04,0.38,3.03,3.03
TAMILNADU,KRISHNAGIRI,KAVERIPAKKAM,11.28,17.17,27.84,27.73,30.82,23.97,19.85,14.27,12.09,11.65,9.13,8.97,7.92,7.72,7.3,11.56,15.92,14.15
TAMILNADU,KRISHNAGIRI,KAYATHARU,42.7,47.72,63.27,70.15,38.07,46.15,27.49,31.11,24.9,36.43,25.54,30.45,43.96,44.13,45.96,21.15,26.43,36.52
TAMILNADU,KRISHNAGIRI,KEELAIYUR,1.56,2.23,1.85,0.82,0.42,1.46,2.17,1.22,1.32,1.87,1,1.77,0.49,2.32,2.65,0.2,0.2,3.95
TAMILNADU,KRISHNAGIRI,KEERAPALAYAM,0.66,0.36,0.26,0.75,2.92,2.14,0.98,0.2,0.4,1.1,20.8,20.59,14.62,8.97,9.34,1.24,4.52,5.45
TAMILNADU,KRISHNAGIRI,KELAMANGALAM,16.7,15.19,29.22,31.63,23.52,10.84,29.04,23.91,15.56,16.21,21.07,16.27,28.64,51.84,62.02,38.37,28.64,11.64
TAMILNADU,KRISHNAGIRI,KILVELUR,5,5.35,1.16,5.47,0.99,2.68,10.38,12,12,12,2.82,3.66,3.66,4.01,4.51,1.68,5.1,5
TAMILNADU,MADURAI,KINATHUKADAVU,48.85,67.24,59.8,81.65,67.99,62.07,25.3,2.05,3.1,9.66,6.8,5.5,25.65,26.61,27.86,27.11,31.34,31.27
TAMILNADU,MADURAI,KODAIKANAL,6.75,1.94,4.75,5.02,2.79,4.99,11.59,6.27,3.97,7.86,7.49,4.42,7.39,9.04,6.34,6.84,7.52,6.05
TAMILNADU,MADURAI,KODAVASAL,0,0,0,0,0,0,3.3,3.6,0.65,0.77,1.1,0.8,0.8,6.1,1.2,1.2,1.2,0
TAMILNADU,MADURAI,KODUMUDI,19.15,17.65,19.26,23.09,18.2,17.98,34.97,25.95,27.78,24.95,12.61,19.57,31.19,31.42,30.69,14.48,25.34,20.58
TAMILNADU,MADURAI,KOLATHUR,35.78,29.35,33.61,36.91,35.63,41.43,36.44,36.84,29.08,30.86,32.52,25.86,22.95,25.58,29.92,17.12,28.62,29.96
TAMILNADU,MADURAI,KOLLIDAM,2.93,3.15,3.65,4.67,2.45,1.1,3.75,2.01,2.65,1.27,1.9,1.45,2.27,3.25,4.67,4.67,4.67,5.22
TAMILNADU,MADURAI,KOMARATCHI,1.71,1.73,1.61,1.6,0.58,0.5,4.37,2.07,2.05,2.3,1.6,4.06,3.75,2.6,5.38,5.38,5.44,5.44
TAMILNADU,MADURAI,KOTAGIRI,17.07,15.63,16.8,17.5,17.4,17.4,17.91,16.6,17.7,18.66,18.3,5.7,17.15,18.69,17.01,18.86,6.16,5.5
TAMILNADU,MADURAI,KOTTAMPATTI,28.79,37.07,28.4,40.25,24.91,33.98,33.98,33.98,0,0,18.33,18.33,26.98,37.73,39.83,43.1,44.28,38.81
TAMILNADU,MADURAI,KOVILPATTI,19.74,25.84,23.34,37.73,23.35,20.02,13.31,8.89,8.65,24.12,13.54,16.65,21.36,31.97,32.64,21.24,16.9,24.73
TAMILNADU,MADURAI,KRISHNAGIRI,64.68,41.6,124.46,149.15,133.05,65.11,135.57,168.79,146.67,105.79,123.8,99.66,108.9,120.74,123.2,124.24,103.85,99.99
TAMILNADU,MADURAI,KRISHNARAYAPURAM,5.66,7.04,4.05,8.44,7.16,6.34,8.08,3.16,6.76,3.27,3.39,4.24,4.89,8.44,10.54,7.74,8.41,9.9
TAMILNADU,MADURAI,KULATHUR,7.35,10.22,7.7,18.69,18.95,9.5,13.26,12.66,5.62,12.43,17.76,11.78,8.83,13.9,19,14.55,14.69,15.05
TAMILNADU,MADURAI,KUMBAKONAM,8.27,9.58,12.61,11.36,5.88,8.65,14.6,9.25,10.55,16.8,10.26,7.18,10.22,10.14,18.15,8.53,16.28,10.88
TAMILNADU,MADURAI,KUNDADAM,14.9,15.31,21.09,24.02,57.84,36.59,31.04,33.04,29.81,32.06,28.16,5.14,7.54,7.59,3.6,7.39,10.2,6.93
TAMILNADU,NAGAPATTINAM,KUNDRATHUR,7.16,4.4,5.58,5.43,5.94,2.17,7.67,3.97,6.19,8.72,7.93,4.24,7.57,6.6,6.79,11.32,7.2,8.8
TAMILNADU,NAGAPATTINAM,KUNNANDARKOVIL,8.74,13.05,17.4,18.06,14.98,13.45,17.28,18.88,10.6,18.43,18.3,17.3,6,46.8,26.6,13.7,27.92,17.22
TAMILNADU,NAGAPATTINAM,KURINJIPADI,75.16,70.72,88.05,88.51,87.68,83.27,132.29,114.53,110.92,116.72,117.33,114.82,87,83.71,138.12,155.92,135.69,98.4
TAMILNADU,NAGAPATTINAM,KURIVIKULAM,9.3,1.5,0.57,11.1,0.3,8.7,7.9,3.3,3.66,7.3,7.09,5,2.6,8.68,9.75,5.26,10.15,3.36
TAMILNADU,NAGAPATTINAM,KUTHALAM,0,0,0,0,0,0,19.66,13.54,16,20.3,19.3,19.3,18.5,24.7,22.4,15.9,28.1,32.2
TAMILNADU,NAGAPATTINAM,LALGUDI,1.61,1.8,1.8,2.33,1.22,1.35,2.03,1.5,1.48,1.56,1.4,1.38,7.1,3.48,4.52,1.97,1.97,1.97
TAMILNADU,NAGAPATTINAM,MADATHUKULAM,6.69,8.69,4.53,14.9,6.28,9.23,13.36,5.3,5.61,8.52,5.83,3,10.72,8.46,10.89,8.04,9.59,8.1
TAMILNADU,NAGAPATTINAM,MADHANUR,26.25,23.28,27.55,28.26,29.61,48.41,56.03,48.2,48.9,56.52,34.82,27.12,26.51,37.61,33.97,34.06,30.57,26.48
TAMILNADU,NAGAPATTINAM,MADUKKUR,0.4,1.25,2.04,2.75,0.15,0.31,0.99,0.99,3.83,2.15,2.15,2.85,2.85,2.85,0,0,0,0
TAMILNADU,NAGAPATTINAM,MADURAI EAST,23.37,24.84,21.48,43.28,19.18,32.51,35.61,32.38,6.71,10.8,29.17,31.25,33.62,32.52,41.94,33.33,44.09,48.56
TAMILNADU,NAMAKKAL,MADURAI NORTH,7.61,6,9,11.9,7.6,10.8,10.8,4.7,0,0,6.3,6.3,7.5,5.75,4.9,5,8,8.2
TAMILNADU,NAMAKKAL,MADURAI SOUTH,24.73,32.81,49.07,57.89,47.64,44.57,53.34,51.27,7.93,14.59,28.6,34.7,45.83,70.79,83.11,57.69,66.54,53.44
TAMILNADU,NAMAKKAL,MADURAI WEST,11.16,9.82,1.75,12.94,1.76,10.43,12.64,12.03,3.96,6.45,14.97,15.87,14.89,13.38,18.73,15.71,22.44,24.47
TAMILNADU,NAMAKKAL,MADURANTHAKAM,14.7,16.17,19.14,14.22,10.37,12.63,27.68,9.43,10.63,12.79,19.82,18.02,7.88,9.22,18.13,2.75,16.08,7.15
TAMILNADU,NAMAKKAL,MAILAM,4.1,2.23,4.15,6.16,0.14,1.28,1.96,3.53,0.62,0.62,0.62,0,0,0,4.58,4.58,4.58,0
TAMILNADU,NAMAKKAL,MALLASAMUDRAM,15.7,17.93,28.24,20.93,24.56,8.02,21.12,13.06,11.38,24.78,8.43,11.78,16.98,20.6,30.91,28.05,29.03,17.93
TAMILNADU,NAMAKKAL,MANACHANALLUR,17.47,20.53,28.11,24.97,15.99,10.22,29.57,28.43,24.85,12.59,13.19,19.98,17.95,23.41,31.65,11.09,30.65,19.62
TAMILNADU,NAMAKKAL,MANAMADURAI,19.05,14.61,13.7,17.84,18.33,18.57,16.16,18.29,12.64,19.63,15.04,8.61,17.11,21.91,24.86,20.25,22.54,17.72
TAMILNADU,NAMAKKAL,MANAMELKUDI,4.19,4.65,2.75,6.62,2.78,4.46,6.37,2.55,1.74,4.11,4.94,3.12,3.8,5.1,7.09,3.3,5.55,7.85
TAMILNADU,NAMAKKAL,MANAPPARAI,12.21,11.45,6,11.13,10.8,11.25,20.83,16.91,11.73,24.08,17.38,9.2,10.26,21.68,24.48,15.15,23.34,27.56
TAMILNADU,NAMAKKAL,MANDAPAM,15.26,12.7,6.79,19.86,6.01,10.52,13.17,11.55,12.25,8.29,13.64,6.81,10.11,15.14,16.5,7.85,14.42,17.2
TAMILNADU,NAMAKKAL,MANGALUR,13.43,13.6,14.09,12.94,16.85,9.57,12.84,9.77,13.9,15.4,11.9,11.37,12.94,17.92,12.68,12.68,12.89,7.52
TAMILNADU,PERAMABALUR,MANNARGUDI,7.12,2.76,19.87,13.46,2.61,2.31,26.98,14.58,14.61,5.89,5.39,2.58,14.58,12.43,14.29,14.29,16.21,17.79
TAMILNADU,PERAMABALUR,MANUR,20.05,28.4,25.7,32.29,22.75,25.86,11.88,8.95,10.39,25.11,22.02,15.31,15.18,24.49,24.03,4.85,9.77,23.78
TAMILNADU,PERAMABALUR,MARAKKANAM,17.94,14.11,18.4,28.91,24.43,12.99,20.65,12.23,18.18,17.88,18.34,11.39,12.22,18.84,26.88,13.34,34.33,19.72
TAMILNADU,PERAMABALUR,MARUNGAPURI,10.95,10.74,8.18,10.76,6.67,6.77,2.1,5.8,2.9,5.9,0.7,3.02,2.43,7.55,10.65,13.12,16.03,14.55
TAMILNADU,PUDUKOTTAI,MATHUR,16.65,9.25,19.06,17.23,17.94,3.55,19.48,8.9,11.05,13.21,13.91,12.32,11.2,9.35,19.5,8.33,21.65,17.16
TAMILNADU,PUDUKOTTAI,MAYILADUTHURAI,2.81,5.01,5.01,4.46,0.88,1.27,3.26,1.36,1.81,1.19,1.66,1.18,0.91,2.81,4.76,0.51,2.92,2.44
TAMILNADU,PUDUKOTTAI,MECHERI,4.31,5.05,15.66,13.71,7.93,7.33,9.18,6.38,5.68,11.03,7.88,6.98,9.93,13.63,13.63,9.16,11.5,7.83
TAMILNADU,PUDUKOTTAI,MELANEELITHANALLUR,8.01,9.58,10.25,11.4,11.41,9.45,3.07,2.77,3.25,5.15,8.57,2.52,7.85,12.36,10.65,3.72,9.41,11.41
TAMILNADU,PUDUKOTTAI,MELMALAYANUR,12.02,10.85,20.35,28.85,13.54,8.11,8.98,7.31,9.79,11.7,4.1,1.94,11.09,11.77,10.29,11.38,10.57,3.7
TAMILNADU,PUDUKOTTAI,MELUR,44.7,75.83,43.03,76.51,60.76,52.54,67.66,56.68,15.28,19.4,60.84,57.73,74.1,116.39,127.87,100.62,117.05,126.23
TAMILNADU,PUDUKOTTAI,METTUR,16.79,28.64,36.76,37.58,23.13,17.41,38.6,23.13,19.94,27.86,17.1,18.08,21.23,38.22,39.03,16.4,37.6,34.77
TAMILNADU,PUDUKOTTAI,MINJUR,3.29,2.29,3.09,3.57,5.57,1.78,5.49,1.2,2.96,3.09,2.94,1.5,1.59,1.74,4.61,3.44,3.38,1.88
TAMILNADU,PUDUKOTTAI,MODAKURICHI,5.64,4.66,4.79,10.29,7.49,4.49,5.49,4.95,2.24,5.11,2.56,7.09,11.79,7.69,13.49,3.24,11.64,12.74
TAMILNADU,PUDUKOTTAI,MOHANUR,2.72,2.93,1.75,3.47,2.3,2.77,3.2,2.1,1.4,2.42,2.15,3.1,0.7,2.73,4.7,2.4,4.8,4.11
TAMILNADU,PUDUKOTTAI,MORAPPUR,22.55,27.9,34.41,32.2,17.56,10.62,29.07,15.72,28.35,35.54,34.15,20.11,32.76,26.64,42.55,19.74,31.52,14.49
TAMILNADU,PUDUKOTTAI,MUDUKULATHUR,7.75,10.31,8.15,11.35,9.85,10.5,14,8.35,7.3,15.85,13.85,10.1,9.5,13.9,9.93,10.02,14.55,10.73
TAMILNADU,PUDUKOTTAI,MUGAIYUR,5.69,2.92,10.19,16.19,3.34,6.01,6.21,3.64,7.69,5.19,4.59,1.97,2.19,1.18,6.66,4.77,4.5,4.29
TAMILNADU,RAMANATHAPURAM,MULANUR,20.79,22,12.42,16.84,35.21,18.1,19.32,31.83,9.47,12.49,8,11.14,11.54,19.34,25.74,9.16,16.79,11.86
TAMILNADU,RAMANATHAPURAM,MUSIRI,11.81,10.88,22.78,16.97,8.6,5.08,13.57,13.86,13.4,8.54,11.02,9.15,10.75,18.79,21.4,8.75,14.56,16.83
TAMILNADU,RAMANATHAPURAM,MUTHUPET,7.09,9.69,5.9,7.54,2.53,4.32,10.05,4.38,4.58,7.3,4.72,5.62,7.08,10.13,9.48,3.72,4.07,4.9
TAMILNADU,RAMANATHAPURAM,NAGAPATTINAM,0,0,0,0,1.65,1.56,9.62,7.67,8.47,7.19,7.32,5.45,6.47,9.49,9.98,5.58,10.23,11.41
TAMILNADU,RAMANATHAPURAM,NALLAMPALLI,5.5,6.29,10.85,11.01,9.35,9.4,9,4.4,7,8.95,7.25,3.57,6.4,6.4,28.82,11.45,10,7.15
TAMILNADU,RAMANATHAPURAM,NALLUR,7.95,13.81,15.32,13.77,12.2,6.69,10.27,7.81,9.47,8.42,7.37,5.27,7.27,8.8,9.52,9.35,11,8.01
TAMILNADU,RAMANATHAPURAM,NAMAGIRIPETTAI,83.46,106.39,118.94,187.52,201.02,154.13,138.42,67.62,68.71,87.53,65.45,47.17,71.82,98.56,112.16,111.41,82.68,35.47
TAMILNADU,RAMANATHAPURAM,NAMAKKAL,22,18.14,17.63,24.57,24.07,18.58,24.59,21.94,15.87,38.57,42.3,32.17,34.77,10.97,11.78,9.35,12.17,7.68
TAMILNADU,SALEM,NAMBIYUR,22.92,28.23,33.38,32.29,27.29,26.69,7.1,8.9,13.4,10.9,15.1,12.6,13.85,20.3,56.45,17.85,30.35,40.23
TAMILNADU,SALEM,NANGUNERI,41.36,36.83,22.41,18.6,27.76,26,11.14,15.68,11.28,20.78,19.9,12.65,14.05,26.2,27.9,5.46,20.75,26.16
TAMILNADU,SALEM,NANNILAM,2.52,2.5,6.03,9.16,1.38,1.19,6.4,2.5,1.28,1.53,1.81,2.2,3.9,7.06,6.8,6.8,8.2,8.95
TAMILNADU,SALEM,NATHAM,18,20.95,13.94,24.45,24.7,18.04,19.19,19.53,15.48,21.08,5.7,4.2,9.45,11.33,15.55,16.73,10.97,10.85
TAMILNADU,SALEM,NATRAMPALLI,8.58,6.02,13.15,14.55,14.55,8.18,14.55,15.68,15.68,15.68,15.68,0,0,0,0,0,0,0
TAMILNADU,SALEM,NEEDAMANGALAM,2.41,1.38,0.66,3.11,1.18,1.28,3.83,1.48,2.38,3.83,3.83,3.83,3.83,3.83,3.88,3.88,4.28,3.78
TAMILNADU,SALEM,NEMILI,5.6,5.8,6.9,5.15,5.9,5.3,8.75,5.15,5.5,8.75,6.3,6.2,5.85,8.75,8.75,4.9,7.85,5.15
TAMILNADU,SALEM,NILAKKOTTAI,8.58,11.88,13.6,15.13,15.13,14.85,14.9,14.9,14.9,14.9,7.28,8.3,5.51,11.45,14.9,12.47,14.9,14.9
TAMILNADU,SALEM,ODDANCHATRAM,31.04,42.05,42.98,41.6,35.5,28.89,38.58,41.81,29.2,44.43,42.5,31.72,28.07,37.38,38.13,31.04,28.78,24.73
TAMILNADU,SALEM,OLAKKUR,4.23,3.62,7.68,10.6,8.77,2.24,9.91,2.73,7.9,11.19,1.4,4.32,2.1,5.62,8.96,4.84,7.26,7.1
TAMILNADU,SALEM,OMALUR,4.26,4.58,10.34,10.74,6.65,6.72,11.75,8.95,9.6,4.32,4.39,4.2,3.44,4.7,9.59,7.73,8.78,7.56
TAMILNADU,SALEM,ORATHANADU,15.16,8.38,11.58,9.72,18.65,14.34,18.94,19.64,25.99,12.9,7.23,15.33,16.69,16.28,10.33,6.23,13.25,9.25
TAMILNADU,SALEM,OTTAPIDARAM,35.81,33.8,25.42,32.82,19.12,34.42,20,9.06,10.17,13.98,12.95,10.59,12.08,19,21.67,4.55,13.27,20.52
TAMILNADU,SALEM,PALAKKODU,22.49,30.37,43.73,50.31,38.81,24.62,42.4,46.12,32.31,28.17,30.25,19.97,28.32,25.2,44.88,32.65,25.4,29.9
TAMILNADU,SALEM,PALANI,15.04,10.74,12.14,16.83,8.24,8.74,18.43,18.28,5.53,20.66,13.62,20.37,11.22,15.01,20.46,8.19,6.91,4.75
TAMILNADU,SALEM,PALAYAMKOTTAI,9.22,7.88,4.12,9.97,4.69,5.7,7.09,2.63,4.02,5.79,8.06,6.06,7.55,5.74,9.42,3.73,9.98,7.17
TAMILNADU,SALEM,PALLADAM,48,52.11,59.45,60.31,73.95,66.06,56.03,60.24,41.53,54.68,62.83,25.9,37.72,55.61,62.42,49.45,52.65,49.2
TAMILNADU,SIVAGANGA,PALLIPATTU,12.34,8.65,15.4,16.2,14.7,6.8,7.6,6.9,7.06,8.7,1.15,5.05,7.21,7.4,7.12,6.94,6.94,6.94
TAMILNADU,SIVAGANGA,PANAIMARATHUPATTI,14.86,16.47,24.77,25.34,26.1,25.09,23.72,49.14,44.99,35.13,46.2,46.45,36.71,40.99,43.94,35.66,39.84,36.8
TAMILNADU,SIVAGANGA,PANRUTI,36.44,55.89,71.9,69.7,54.45,56.62,44.03,30.74,15.1,5.79,28.8,45.18,45.18,29.29,16.12,4.99,10.99,10.3
TAMILNADU,SIVAGANGA,PANTHALUR,2.53,1.39,2.06,2.65,2.05,2.26,3.24,1.39,2.27,2.75,2.2,2.7,3.05,3.29,1.07,2.83,3.45,1.87
TAMILNADU,SIVAGANGA,PAPANASAM,2.34,2.03,2.6,3.89,0.86,1.15,5.61,2.07,2.35,2.25,3.65,3.54,3.55,1,5.17,0.52,2.78,2.02
TAMILNADU,SIVAGANGA,PAPPAKUDI,4.1,2,1.44,1.27,2.87,5,3.35,0.5,2.85,3.13,4.85,1.88,3.23,0.85,2.15,1.2,3.13,3.22
TAMILNADU,SIVAGANGA,PARAMAKUDI,22.37,25.38,25.27,27.84,27.27,29.98,33.37,35.07,24.97,22.82,11.57,11.47,10.3,12.5,13.16,12.36,7.46,7.38
TAMILNADU,THANJAVUR,PARAMATHI-VELUR,7.61,6.98,10.3,14.7,9.25,4.9,14,9.8,5.8,21.56,23.15,22.1,21.3,24.09,31.6,16.55,19.55,19.37
TAMILNADU,THANJAVUR,PARANGIPETTAI,5.74,2.84,5.94,7.15,4.58,6.44,34.31,5.99,7.63,9.13,8.56,7.09,8.69,6.62,7.98,4.02,8.84,5.4
TAMILNADU,THANJAVUR,PATTUKKOTTAI,2.13,2.75,3.85,5.95,3.35,1.27,11.25,2.55,7.75,4.45,5.95,5.95,5.95,8,7.3,1.38,1.38,1.38
TAMILNADU,THANJAVUR,PENNAGARAM,20.45,21.68,42.5,53.78,54.11,17.77,38.22,34.02,20.41,25.72,16.36,17.42,15.39,28.47,24.68,13.62,27.86,18.25
TAMILNADU,THANJAVUR,PERAMBALUR,39.63,50.87,57.08,47.01,31.42,21.89,41.19,30.99,38.6,42.9,35.65,23.61,31,56.11,78.76,52.12,60,57.4
TAMILNADU,THANJAVUR,PERANAMALLUR,7.4,7.05,10.64,4.38,5.18,5,6.2,7.13,6.9,7.93,5.1,5.1,5.1,0,0,0,16.6,16.6
TAMILNADU,THANJAVUR,PERIYAKULAM,5.5,6.95,10.32,9.04,9.04,9.04,0,0,1.66,5.92,4.1,6.05,6.49,7.8,10.8,3.8,5.78,7.98
TAMILNADU,THANJAVUR,PERIYANAICKENPALAYAM,87.75,93.95,99.33,140.02,145.75,136.42,97.75,94.44,102,87.28,114.5,122.35,103.05,140.45,143.06,142.83,153.98,167.88
TAMILNADU,THANJAVUR,PERNAMPATTU,10.7,9,9.96,12.51,12.16,38.74,66.85,58.2,58.88,56.05,54.72,46.94,49.12,49.49,60.92,59.77,36.12,33.67
TAMILNADU,THANJAVUR,PERUNDURAI,25.95,37.44,51.13,57.9,53.75,63.2,28.48,30.28,32.78,36.83,30.83,23.26,31.93,40.29,53.68,36.46,38.48,30.47
TAMILNADU,THANJAVUR,PETHANAICKENPALAYAM,7.56,10.04,19,20.2,13.1,13.49,9.1,3.65,5.86,8.9,16.05,5.25,7.1,14.75,26.4,13.8,23.64,24.68
TAMILNADU,THANJAVUR,POLLACHI,17.05,20.69,38.16,46.6,47.42,37.78,37.8,2.72,25.14,15.5,3.92,0.65,7.38,9.7,31.9,4.32,46.8,12.4
TAMILNADU,NILGIRIS,POLLACHI NORTH,77.97,82.7,93.59,172.53,154.89,141.46,50.6,31.19,27.15,39.42,31.38,19.29,45.26,47.05,48.89,44.56,55.86,51.71
TAMILNADU,NILGIRIS,POLUR,6.98,5.98,5.93,7.48,1.69,6.09,18.09,9.14,18.88,14.16,21.48,21.48,6.8,25.14,25.24,6.71,26.73,17.08
TAMILNADU,NILGIRIS,PONGALUR,18.89,44.27,24.83,53.86,58.69,57.49,22.87,15.02,13.4,24.44,18.32,9.1,17.05,22.9,22.65,25.09,24.51,21.33
TAMILNADU,NILGIRIS,PONNAMARAVATHI,4.95,6.25,13,9.25,5.42,3.6,3.9,5.14,1.2,4.1,1.8,0.72,2.8,5.7,7.55,8.85,8.75,10.6
TAMILNADU,NILGIRIS,PONNERI,5.39,2.05,6.13,6.79,6.77,2.65,6,3.38,3.15,3.15,3.15,0,0,0,0,0,0,0
TAMILNADU,THENI,POONAMALLEE,11.7,8.32,10.82,12.38,9.48,10.22,11.36,5.13,11.02,5.15,8.22,6.17,7.43,6.89,11.52,14.69,10.7,12.3
TAMILNADU,THENI,PUDUCHATRAM,24.43,35.11,44.33,96.81,78.33,33.6,50.37,97.98,48.28,73.94,29.03,16.7,21.3,14.9,17.59,17.59,17.59,1.13
TAMILNADU,THENI,PUDUKKOTTAI,13.06,14.23,19.23,24.31,10.27,3.23,23.73,20.2,16.44,22.39,22.39,15.36,20.87,21.75,27.7,24.65,28.71,28.09
TAMILNADU,THENI,PUDUR,30.73,21.51,17.66,27.18,24.04,24.25,12.77,12.64,6.36,10.8,12.78,12.64,18.33,18.48,28.79,17.15,17.65,31.67
TAMILNADU,THENI,PULLAMPADI,4.21,5.15,5,7.35,2.64,4.3,11.65,7.04,11.43,13.4,8.34,7.14,9.49,14.03,18.28,13.52,16.42,15.44
TAMILNADU,THENI,PUZHAL,3.8,1.38,2.03,3.88,3,2.41,4.87,3.76,3.81,7.56,3.83,2.28,5.03,3.29,3.29,4.49,3.9,3.9
TAMILNADU,THIRUVALLUR,R.S. MANGALAM,3.63,1.33,1.05,1.07,0.87,0.65,2.9,2.95,2.15,1.69,1.6,0.6,1,4.25,3.35,2.35,3,3.85
TAMILNADU,THIRUVALLUR,RADHAPURAM,39.41,47.46,44.18,47.61,39.09,39.93,20.8,23.72,16.65,23.36,33.14,22.46,25.26,39.1,41.17,13.76,25.62,42.02
TAMILNADU,THIRUVALLUR,RAJAKKAMANGALAM,17.27,3.28,2.68,4.93,2.76,4.25,3.4,0.25,2.37,3.4,2.8,2.22,2.76,2.96,3.1,1.34,3.6,2.67
TAMILNADU,THIRUVALLUR,RAJAPALAYAM,22.4,24.65,14.82,21.81,21.35,16.07,10.7,10.62,9.32,22.55,22.55,18.27,9.77,40.95,45.29,22.9,24.1,27.59
TAMILNADU,THIRUVALLUR,RASIPURAM,17.23,26.22,24.71,18.51,32.21,7.71,12.72,8.55,9.05,15.76,8.32,7.21,19.71,27.16,40.31,13.29,19.81,24.58
TAMILNADU,THIRUVALLUR,REDDIYARCHATTIRAM,21.19,32.25,35.04,40.53,24.85,22.13,28.86,28.16,13.46,32.92,19.85,23.02,14.02,30.17,39.33,32.84,37.47,32.35
TAMILNADU,THIRUVALLUR,SALEM,6.15,8.27,12.9,9.2,13.3,14.11,32.85,22.84,24.77,30.99,20.67,24.37,13.92,22.25,41.07,25.68,26.05,20.45
TAMILNADU,THIRUVALLUR,SANKARANKOIL,11.04,9.6,4.92,10.38,8.68,10.89,5,1.6,3.6,9.87,10.97,4.4,11.8,14.1,16.64,1.4,10.6,11.43
TAMILNADU,THIRUVALLUR,SANKARANKOIL_1109,3.17,1.99,1.14,1.93,0.63,2.83,1.4,0.83,0.78,0.75,4.02,0.73,0.73,4.13,5.93,1.1,5.33,5.13
TAMILNADU,THIRUVALLUR,SANKARAPURAM,10.12,20.28,24.09,15.96,10.31,4.28,18.94,5.82,10.05,20.75,12.95,5.24,8.89,14.37,23.45,22.43,26.49,15.6
TAMILNADU,THIRUVALLUR,SANKARI,8.48,20.63,26.73,14.07,10.51,5.46,23.57,12.46,20.57,17.56,4.75,7.1,14.8,17.1,25.71,10.06,29.79,32.68
TAMILNADU,THOOTHUKUDI,SARCARSAMAKULAM,72.51,79.4,87.54,99.44,100.3,91.18,54.9,48,49.17,61.42,104.15,79.75,51.86,52.5,59.1,54.55,86.67,70.05
TAMILNADU,THOOTHUKUDI,SATHANKULAM,30.44,20.59,32.63,33.73,30.15,15.98,7.14,9.04,7.94,11.93,15.33,10.26,3.98,15.73,14.46,3.57,14.19,22.95
TAMILNADU,THOOTHUKUDI,SATHYAMANGALAM,19.32,23.67,26.07,23.68,23.75,19.92,15.92,17.12,17.87,18.57,12.27,18.28,18.05,25.94,23.4,21,24.65,22.02
TAMILNADU,THOOTHUKUDI,SATTUR,7.61,6.61,2.95,6.93,8.6,6.9,3.8,3.7,2.61,3.9,4.7,4.22,4.88,6.42,7.5,5.75,8.61,6.17
TAMILNADU,THOOTHUKUDI,SEDAPATTI,100.02,113.13,107.3,132.22,109.02,130.37,133.04,127.19,6.67,16.3,210.67,192.75,136.01,192.12,188.08,182.85,220.54,232.98
TAMILNADU,THOOTHUKUDI,SEMBANARKOIL,4.06,3.05,4.55,4.95,2.25,0.81,3.91,1.6,3.05,2.87,3.6,1.6,1.68,4.6,3.68,1.75,3.31,3.31
TAMILNADU,THOOTHUKUDI,SENDURAI,0,0,0,0,0,0,3.04,1.71,1.94,3.05,3.45,3.45,3.45,2.61,3.1,2.6,3.47,4.33
TAMILNADU,THOOTHUKUDI,SENTHAMANGALAM,8.94,11.5,18.93,23.78,10.83,6.23,8.94,7.38,4.73,10.06,12.28,13.43,12.58,12.58,13.58,10.31,11.98,5.85
TAMILNADU,THOOTHUKUDI,SETHUBHAVACHATRAM,4.2,2.25,4.37,4.84,4.84,1.55,4.9,0.45,2.59,4.9,2.26,2.26,2.26,4.7,4.9,2.58,5.6,5.6
TAMILNADU,THOOTHUKUDI,SHANARPATTI,33.74,33.1,26.71,30.95,29.35,25.68,26.16,22.04,18.8,31.7,32.97,12.58,25.7,42.85,58.86,54.42,73.77,37.37
TAMILNADU,THOOTHUKUDI,SHENKOTTAI,16.98,19.52,24.03,16.13,15.55,17.25,20.93,14.16,10.69,14.52,21.62,18.42,32.38,22.59,23.47,10.56,24.64,27.43
TAMILNADU,THOOTHUKUDI,SHOLAVARAM,3.18,1.25,1.3,5.9,1.81,1.35,6.7,1.41,1.66,6.7,1.3,3.05,1.4,6.42,5.02,4.47,5.94,1.15
TAMILNADU,TIRUCHIRAPPALLI,SHOLINGUR,19.49,22.79,36.57,32.84,36.81,34.84,27.27,8.97,16.63,35.85,36.95,37.42,12.47,10.82,17.66,10.82,13.54,7.16
TAMILNADU,TIRUCHIRAPPALLI,SHOOLAGIRI,12.39,18.32,28.35,33.11,25.38,22.45,42.84,44.34,15.75,34.52,48.84,40.72,34.37,32.92,34.04,14.2,39.47,18.09
TAMILNADU,TIRUCHIRAPPALLI,SINGAMPUNERI,20.23,18.07,19.38,21.34,21.8,26.17,28.62,28.84,23.21,29.9,27.55,25.12,11.29,34.46,37.82,34.43,35,35.06
TAMILNADU,TIRUCHIRAPPALLI,SIRKALI,10.86,3.95,5.11,1.7,1.7,1.7,12.68,12.2,12.55,12.4,13.3,4.68,11.96,15.22,17.58,17.58,19.26,23.69
TAMILNADU,TIRUCHIRAPPALLI,SIVAGANGA,46.94,40.4,41.56,49.49,31.62,25.81,42.73,40.22,25.09,36.34,33.27,18.29,23.66,45.5,48.01,36.55,46.99,52.36
TAMILNADU,TIRUCHIRAPPALLI,SIVAKASI,23.65,27.81,16.55,22.61,32.12,27.87,20.31,24.52,18.92,32.62,36.17,19.56,19.4,22.52,39.12,21.77,26.26,22.12
TAMILNADU,TIRUCHIRAPPALLI,SRIPERUMBUDUR,9.29,9.39,7.86,10.58,11.56,8.08,8.79,6.65,6.66,7.69,8.49,7.25,7.49,5.17,7.09,2.31,5.29,1.74
TAMILNADU,TIRUCHIRAPPALLI,SRIRANGAM,18.32,19.61,23.94,27.78,12.82,20.46,26.44,23.7,18.53,27.66,25.2,11.05,13.85,18.85,27.78,14.51,25.75,23.15
TAMILNADU,TIRUCHIRAPPALLI,SRIVAIKUNTAM,5.53,10.69,7.83,9.19,8.22,6.82,7.76,5.54,4.52,8.89,8.44,3.94,8.45,6.99,10.42,2.82,10.54,12.09
TAMILNADU,TIRUCHIRAPPALLI,SRIVILLIPUTHUR,18.34,27.08,23.86,26.69,27.76,26.48,12.76,16.22,10.11,21.86,19.81,25.31,21.58,25.53,28.91,17.19,21,27.64
TAMILNADU,TIRUCHIRAPPALLI,ST. THOMAS MOUNT,1.39,2.96,2.13,2.15,0.33,0.5,1.57,1.81,1.16,0.25,0.71,0.36,1.16,1.5,0.26,2.16,2.56,0.35
TAMILNADU,TIRUCHIRAPPALLI,SULTANPET,31.48,36.61,38.54,40,43.54,38.22,35.51,36.3,35.04,35.74,36.24,15.4,32.53,48.44,49.9,49.21,49.46,15.85
TAMILNADU,TIRUNELVELI,SULUR,8.2,15.26,19.41,21.49,16.86,6.8,8.04,3.06,10.22,5.87,6.95,3.95,7.75,13.64,18.79,5.75,11.7,7.07
TAMILNADU,TIRUNELVELI,T. KALLUPATTI,59.91,62,66.21,64.28,73.63,85.33,85.33,85.33,0,0,85.76,85.76,74.26,84.11,86.76,74.54,98.09,91.75
TAMILNADU,TIRUNELVELI,TALAVADI,17.46,23.31,13.74,14.04,13.64,7.64,13.54,11.24,12.29,13.54,4.63,9.49,18.34,17.84,18.64,17.97,20.09,15.99
TAMILNADU,TIRUNELVELI,TALAVASAL,27.36,31.33,40.79,15.2,12.94,10.36,19.59,13.31,12.88,24.55,25.87,22.19,24.95,21.62,19.77,21.31,26.95,24.86
TAMILNADU,TIRUNELVELI,TAMBARAM,31.69,23.31,18.93,20.11,21.95,14.1,30,14.7,18.92,28.79,21.6,11.57,19.03,16.86,12.3,38.15,31.97,19
TAMILNADU,TIRUNELVELI,TENKASI,46.24,32.83,26.55,43.01,20.55,47.34,21.11,25.58,12.44,22.96,37.62,21.55,34.98,42.25,45.23,4.71,30.33,57.5
TAMILNADU,TIRUNELVELI,THACKALAI,11.6,7.63,9.45,7.9,15.88,14.8,13.93,10.76,11,13.47,11.86,10.99,14.63,13.81,11.88,8.79,12.3,10.72
TAMILNADU,TIRUNELVELI,THALY,5.33,1.49,14.56,14.02,13.82,2.15,2.15,2.15,15,15,17.26,34.8,26.7,31.35,13.8,13.8,6.15,0
TAMILNADU,TIRUNELVELI,THANDARAMPET,41.66,35.66,35.29,31.5,23.46,21.37,43.97,39.12,22.08,34.47,24.06,24.96,18.53,25.85,45.91,13.12,36.84,24.27
TAMILNADU,TIRUNELVELI,THANJAVUR,11.73,11.88,9.09,10.67,10.63,10.94,22.82,16.5,15.48,19.74,17.63,12.51,15.21,9.99,26.55,8.66,15.02,19.58
TAMILNADU,TIRUNELVELI,THANTHONI,22.14,59.99,58.92,95.24,73.06,120.72,46.92,30.23,28.82,26.41,19.54,14.69,27.67,34.92,36.03,28.09,11.19,10.19
TAMILNADU,TIRUNELVELI,THARAMANGALAM,7.46,6.5,5.42,9.9,9.8,15.55,8.35,8.35,8.35,8.35,0,0,0,0,0,0,0,0
TAMILNADU,TIRUNELVELI,THARANGAMBADI,0,0,0,0,0,0,2.25,1.3,1.75,1.4,1.47,1.3,0.75,1.8,2.45,1.12,1.65,1.88
TAMILNADU,TIRUNELVELI,THATHAIYANGARPET,35.36,34.15,21.11,35.37,42.58,10.81,30.48,36.41,26.21,37.96,39.78,21.3,25.38,38.96,39.81,23.79,43.41,41.94
TAMILNADU,TIRUNELVELI,THELLAR,6.9,6.66,8.46,5.62,7.65,11.33,15.8,14.8,8.56,6.81,6.81,1.55,0,0,0.01,0.01,0.01,0.01
TAMILNADU,TIRUNELVELI,THENI,23.01,21.92,33.73,35.9,30.92,31.92,9.02,5.6,13.77,34.58,14.17,21.47,11.4,25.2,32.14,29.9,25.47,23.7
TAMILNADU,TIRUNELVELI,THIAGADURGAM,37.72,49.04,56.46,56.51,37.06,28.86,39.34,20.14,28.85,49.04,42.58,29.59,24.71,39.64,62.86,56.55,56.41,48.7
TAMILNADU,TIRUNELVELI,THIRUMANGALAM,38.16,37.34,38.02,36.12,33.02,38.42,30.9,30.9,4.2,4.2,110.33,112.21,69.43,100.38,84.03,49.42,72.92,105.92
TAMILNADU,TIRUNELVELI,THIRUMANUR,4.98,7.49,48.65,8.08,5.86,4.17,10.08,6.48,11.11,10.5,6.38,5.15,7.58,6.91,10.75,5.7,10.26,10.6
TAMILNADU,TIRUNELVELI,THIRUMAYAM,58.67,51.14,48.94,63.1,64.36,55.91,73.01,59.5,48.32,47.26,33.84,61.87,41.6,113.85,75.18,60.07,71.42,79.18
TAMILNADU,TIRUPPUR,THIRUPARANKUNDRAM,75.54,78.64,83.15,109.15,97.05,123.49,118.51,119.07,12.3,15.9,111.9,116.79,96.02,121,129.85,112.4,129.98,124.35
TAMILNADU,TIRUPPUR,THIRUPORUR,5.27,3.7,7.33,1.99,0.56,0.78,8.31,1.41,1.91,4.22,3.25,1.11,0.87,4.57,1.12,0.95,3.81,3.51
TAMILNADU,TIRUPPUR,THIRUPPANANDAL,2.26,3.12,3.32,3.52,1.92,10.81,12.8,6.66,6.79,7.37,9.55,7.01,9.61,9.02,13.21,8.15,12.34,13.96
TAMILNADU,TIRUPPUR,THIRUVAIYARU,1.53,1.55,1.91,1.97,0.9,1.26,2.83,1.55,1.9,1.85,1.51,1,1.13,1.95,3.85,1.09,3.35,2.83
TAMILNADU,TIRUPPUR,THIRUVALLUR,16.4,14.76,14.79,15.83,16.79,13.45,10.11,5.47,9.09,11.1,5.79,6.49,5.94,4.85,10.97,10.27,8.93,5.83
TAMILNADU,TIRUPPUR,TIRUVARUR,5.64,5.84,6.74,6.6,4.53,6.11,6.3,4.7,6.5,0.35,4.43,4.87,4.1,8.4,6.2,6.2,8.4,6.5
TAMILNADU,TIRUPPUR,THIRUVONAM,4.65,4.84,9.6,15.35,9.63,4.1,17.27,17.17,7.4,7.58,10.15,6.7,5.29,14.4,14.85,11.58,14.5,3.94
TAMILNADU,TIRUPPUR,THOGAIMALAI,6.75,12.8,10.45,17.23,6.66,9.78,9.9,9.11,10.87,13.62,12.16,7.72,8.33,13.54,19.2,14.8,17.27,12.47
TAMILNADU,TIRUPPUR,THONDAMUTHUR,79.49,86.52,106.92,109.13,103.33,86.94,64.84,37.76,49.03,53.1,55.1,51.1,70.2,76.78,84.56,69.64,89.46,86.31
TAMILNADU,TIRUPPUR,THOOKANAICKENPALAYAM,10.11,9.15,16,21.7,14.3,3.82,14.7,5.25,9.35,7.45,6.85,10.7,19.6,14.29,22.3,11.88,28.7,14.4
TAMILNADU,TIRUPPUR,THOOTHUKKUDI,27.64,12.51,19.45,29.23,24.83,24.2,16.86,17.76,7.41,21.71,22.61,20.1,2.8,13.6,13.85,12.68,3.54,2.96
TAMILNADU,TIRUPPUR,THOPPAMPATTI,41.24,55.73,45.39,49.66,32.34,32.04,54.48,55.89,32.9,47.55,47.72,30.31,35.23,60.98,77.93,55.88,50.33,21.38
TAMILNADU,TIRUVANNAMALAI,THOTTIYAM,23.1,17.02,6.38,14.9,13.73,13.37,17.97,18.73,9.22,20.92,18.05,7.5,11.87,13.98,19.72,10.36,20.4,25.15
TAMILNADU,TIRUVANNAMALAI,THOVALA,12.8,9.6,10.5,13.35,12.24,11.5,10.86,8.45,7.4,10.35,11.85,9.65,9.48,12,10.03,6.53,9.8,9.64
TAMILNADU,TIRUVANNAMALAI,THURINJAPURAM,12,3.35,4.4,4.72,6.55,2.3,7.6,1.8,4.65,7.72,6.6,2.77,2.51,6.22,8.36,1.4,5.9,5.9
TAMILNADU,TIRUVANNAMALAI,TIMIRI,34.34,41.29,46.76,46.38,48.89,43.98,58.28,35.46,37.66,55.48,45.22,32.11,40.73,49.65,50.56,45.15,31.93,15.1
TAMILNADU,TIRUVANNAMALAI,TIRUCHENDUR,7.65,8.18,6.08,6.8,5.07,5.92,7.22,5.93,5.12,6.12,7.08,5.79,5.58,7.62,8.73,4.38,8.69,8.62
TAMILNADU,TIRUVANNAMALAI,TIRUCHENGODE,20.37,27.62,35.45,38.93,35.4,17.87,43.4,30.98,29.09,42.55,32.38,23.58,35.08,52.33,62.76,25.39,36.41,19.83
TAMILNADU,TIRUVANNAMALAI,TIRUCHIRAPPALLI,4.76,3.99,6.04,6.29,2.84,9.89,10.48,5.85,5.89,17.03,9.79,5.78,5.29,8.64,11.79,7.22,5.39,2.7
TAMILNADU,TIRUVANNAMALAI,TIRUCHULI,10.8,10.53,10.9,10.22,11.4,10.6,6.2,6.67,5.4,8.05,7,6.5,5.23,5.23,5.23,5.23,0,0
TAMILNADU,TIRUVANNAMALAI,TIRUKALUKUNDRAM,8.44,7.42,8.07,6.54,5.07,2.41,16.99,6.79,9.49,10.36,8.99,5.46,6.41,10.84,9.09,9.11,8.19,6.8
TAMILNADU,TIRUVANNAMALAI,TIRUKKOYILUR,14,19.75,29.78,35.61,20.39,6.11,20.1,3.86,15.41,17.41,15.51,9.19,11.38,15.67,22.8,18.99,20.71,15.88
TAMILNADU,TIRUVANNAMALAI,TIRUNAVALUR,12.42,18.46,9.29,18.66,12.81,3.11,15.03,4.53,9.05,3.6,5.2,5.3,12.2,5.91,6.57,16.96,23.93,15.7
TAMILNADU,TIRUVANNAMALAI,TIRUNELVELI,2.82,2.06,0.93,2.25,2.35,4.13,4.02,3.58,1.23,1.95,3.93,1.68,2.3,2.35,5.05,1.3,4.08,5.13
TAMILNADU,TIRUVANNAMALAI,TIRUPATHUR,20.73,16.29,26.39,33.92,30.2,25.06,22.37,21.75,20.08,17.5,14.87,15.23,0.08,1.91,12.82,8.92,9.57,5.48
TAMILNADU,TIRUVANNAMALAI,TIRUPULLANI,16.9,15.19,14.75,22.19,13.92,10.05,12.85,15,9.95,11.19,11.06,7.33,9.13,11.61,9.87,13.14,16.93,16.53
TAMILNADU,TIRUVARUR,TIRUTTANI,5.47,4.54,8.39,11.78,9.61,3.41,20.71,5.61,15.27,26,4.59,4.36,3.02,4.95,13.89,6.94,15.64,7.28
TAMILNADU,TIRUVARUR,TIRUVADANAI,38.54,20.62,39.12,49.13,49.96,47.84,13.86,12.76,10.77,9.48,13.44,12.25,11.1,11.36,19.25,9.81,17.88,21.53
TAMILNADU,TIRUVARUR,TIRUVANNAMALAI,4,5.1,4.3,2.3,1.4,2.28,4,2.72,2.72,4.88,9,2.13,3.79,3.49,3.04,2.68,4.45,3.2
TAMILNADU,TIRUVARUR,TIRUVARANKULAM,24.07,22.03,21.19,18.59,16.99,25.15,29.15,26.63,24.52,27.43,15.93,11.08,20.38,15.15,16.32,10.78,13.5,14.04
TAMILNADU,TIRUVARUR,TIRUVELANGADU,14.86,14.35,16,13.31,17.87,14.11,10.11,6.52,12.32,13.69,12.4,10.9,10.87,2.56,10.61,9.9,10.85,13.16
TAMILNADU,TIRUVARUR,TITTAKUDI_99,0,0,0,0,0,2.68,8.81,3.21,6.45,8.25,5.05,5.05,5.05,7.77,8.33,5.8,8.93,8.75
TAMILNADU,TIRUVARUR,UDANGUDI,11.43,11.88,11.09,10.89,10.29,10.29,6.85,4.99,4.34,7.64,8.58,3.74,5.11,9.79,10.87,3.2,10.64,10.54
TAMILNADU,VELLORE,UDHAGAMANDALAM,3.25,2.66,3.16,4.12,2.39,2.57,2.82,2.27,2.36,2.67,2.02,2.07,2.42,2.82,3.43,2.5,4.25,2.37
TAMILNADU,VELLORE,UDUMALAIPETTAI,13.05,16.12,11.21,41.49,35.2,39.6,42.4,41.34,38.37,42.63,30.73,4.33,13.84,70.26,73.89,64.21,66.35,15.23
TAMILNADU,VELLORE,ULUDURPETTAI,3.75,11.21,0.8,3.05,4.55,0.9,5.13,4.48,1.7,5.05,3.9,4.65,2.03,4.8,5.94,5.18,6.7,3.45
TAMILNADU,VELLORE,ULUNDURPETTAI,5.62,6.75,8.04,9.5,8.27,3.91,4.35,4.35,4.13,5.3,0.6,2.98,2.98,2.42,4.02,2.86,2.86,3.06
TAMILNADU,VELLORE,UPPILIYAPURAM,15.15,10.95,11.04,14.98,11.25,4.85,15.23,12.2,13.55,15.92,14.6,9.6,13.1,18.26,20.5,14.12,19.05,16.32
TAMILNADU,VELLORE,USILAMPATTI,56.11,61.2,75.88,87.83,35.45,69.43,67.57,70.13,3.77,7.4,123.05,119.29,99.73,118.5,98.95,103.9,151.51,144.66
TAMILNADU,VELLORE,UTHAMAPALAYAM,62.47,62.9,71.12,46.51,77.12,56.46,59.74,58.32,75.44,79.32,72.92,37.42,68.89,65.1,69.87,61.12,62.31,74.75
TAMILNADU,VELLORE,UTHANGARAI,11.29,5.74,8.6,5.55,3.18,4.4,11,4.5,6.68,10.4,7.82,8.85,7.8,9.11,8.2,8.2,8.2,0
TAMILNADU,VELLORE,UTHIRAMERUR,13.83,16.54,20,47.69,21.21,15.36,32.52,13.39,21.1,24.46,18.66,14.01,16.56,23.87,25.04,22.13,29.11,23.95
TAMILNADU,VELLORE,UTHUKKOTTAI,24.85,20.05,6.38,16.48,15.8,15.62,14.66,13.99,1.07,6.74,6.74,8.33,2.94,4.54,4.54,4.54,4.79,4.79
TAMILNADU,VELLORE,UTHUKULI,79.45,83.89,82.24,87.05,80.87,69.58,30.64,50.77,41.55,62.67,62.97,58.57,70.8,85.92,81.34,62.17,92.05,72.15
TAMILNADU,VELLORE,VADAMADURAI,13.68,9.75,17.89,22.15,18,16.7,14.97,15.83,11.01,16.3,16.9,14.42,16.07,21,18.94,26.4,26.2,15.5
TAMILNADU,VELLORE,VADIPATTI,24.49,21.93,34.06,39.34,29.48,25.62,23.54,20.52,1.46,5.5,31.94,32.78,38.41,40.12,51.07,26.76,38.15,39.5
TAMILNADU,VELLORE,VAIYAMPATTI,0,0,0,0,0,0.9,5.72,6.25,1.85,5.88,5.2,2,2,7.01,8.7,5.85,8.43,9.59
TAMILNADU,VELLORE,VALANGAIMAN,1.95,2.25,2.44,3.5,1.75,0.98,3.15,1.74,1.9,1.72,1.65,1.4,2.26,2.3,2.18,2.18,2.18,0
TAMILNADU,VELLORE,VALLAM,4.6,8.75,8.36,24.9,7.46,7.02,8.29,4.7,5.5,8.3,4.45,7.9,3.5,7.06,9.93,9.2,8.74,6.27
TAMILNADU,VELLORE,VALLIYUR,62.02,67.72,70.35,80.93,80.89,67.9,32.45,33.92,27.47,45.46,43.56,45.69,47.4,58.87,62.34,20.75,56.87,65.2
TAMILNADU,VELLORE,VALPARAI,0,0,0,0,0,0,24.17,12.05,17.7,17.1,10.8,9.3,9.3,14.6,16.7,16.7,16.7,0
TAMILNADU,VILLUPURAM,VANDAVASI,5.7,7.1,7.3,8.15,6.02,4.25,14.5,3.98,5.65,6.65,6.22,3.8,2.8,6.34,7.94,6.36,5.05,4.4
TAMILNADU,VILLUPURAM,VANUR,10.45,15.48,15.5,16.35,9.38,4.41,12.91,4.95,8.5,16.8,5.8,2.94,4.04,5.5,11.95,4.1,11.45,12.95
TAMILNADU,VILLUPURAM,VASUDEVANALLUR,27.06,23.97,21.47,38.62,40.07,30.67,20.61,21.22,19.17,32.16,39.24,38.11,24,40.27,38.03,30.89,28.4,41.93
TAMILNADU,VILLUPURAM,VAZHAPADI,19.51,24.67,27.3,31.11,28.81,21.21,14.41,10.11,9.81,12.56,10.51,10.81,15.31,23.62,35.92,28.51,28.69,33.03
TAMILNADU,VILLUPURAM,VEDARANYAM,5.29,6.65,3.05,1.57,1.62,3.72,6.18,4.48,4.27,5.58,4.62,3.91,4.37,5.45,6.97,1.69,5.33,5.59
TAMILNADU,VILLUPURAM,VEDASANDUR,16.62,16.82,27.05,23.62,21.4,15.74,18.07,17.55,16.51,7.5,4.4,0.85,3.7,16.4,29.31,25.85,27.62,3.5
TAMILNADU,VILLUPURAM,VEERAPANDI,0,0,0,0,0,12.46,18,17.9,17.9,25.25,40.52,40.52,40.52,26.35,27.9,33.81,33.81,33.81
TAMILNADU,VILLUPURAM,VELLAKOIL,20.56,20.71,33.44,46.58,40.06,31.93,41.68,18.89,17.54,24.29,23.3,25.04,37.16,38.27,38.99,9.95,17.69,16.38
TAMILNADU,VILLUPURAM,VELLORE,5.61,2.67,9.12,9.21,13.57,7.32,15.3,6.6,10.7,15.29,10.38,9.7,43.6,19.94,33.81,1.42,4.86,5.15
TAMILNADU,VILLUPURAM,VEMBAKKAM,7.6,7.3,10.99,6.09,8.42,4.5,12.5,12.5,12.5,12.5,0,0,0,0,0,0,0,0
TAMILNADU,VILLUPURAM,VENNANTHUR,9.96,7.93,15.45,12.95,9.25,5.75,8.09,14.15,5.3,8.15,6.65,4.05,11.1,8.73,13.55,14.53,15.75,6.18
TAMILNADU,VILLUPURAM,VEPPANAPALLI,12.1,7.55,10.3,11.98,15.36,14.55,13.4,14.6,15.7,15.44,13.81,13.55,20.95,34.52,43.3,43.3,17.6,17.6
TAMILNADU,VILLUPURAM,VEPPANTHATTAI,7.68,12.7,13.02,16.9,14.58,8.71,12.68,12,9.9,9.8,8.5,4.71,5.44,11.63,15.92,15.3,18,9.67
TAMILNADU,VILLUPURAM,VEPPUR,4.73,7.64,11.63,9,3.15,1.58,9.08,2.81,6.62,7.35,10,1.88,8.56,6.33,9.44,12.7,14.64,11.25
TAMILNADU,VILLUPURAM,VILATHIKULAM,18.77,13.61,9.7,16.78,13.69,12.3,9,11.42,10.05,8.05,8.31,8.31,8.31,8.8,9.15,21.29,21.25,15.69
TAMILNADU,VILLUPURAM,VILAVANCODE,44.17,43.56,51.78,53.42,43.09,46.9,43.57,37.11,33.88,34.95,37.41,39.33,45.78,35.31,35.31,35.31,0,0
TAMILNADU,VIRUTHUNAGAR,VIRALIMALAI,10.88,12.08,10.7,13.74,7.68,5.02,9.91,10.3,6.65,9.29,7.58,9.12,7.8,13.05,17.2,8.6,14.65,16.59
TAMILNADU,VIRUTHUNAGAR,VIRKRAVANDI,3.56,4.02,5.55,8.12,5.24,3.06,4.26,0.91,2.08,4.3,0.75,0.43,1,2.64,4.98,4.64,4.62,2.95
TAMILNADU,VIRUTHUNAGAR,VIRUDHACHALAM_102,41.65,41.15,55.31,67.55,82.76,352.74,106.85,99.32,80.45,104.7,40.72,34.33,61.17,61.17,42.36,10.55,16.72,9.37
TAMILNADU,VIRUTHUNAGAR,VIRUDHACHALAM_105,2.67,1.18,2.64,0.8,0.66,0.68,2.92,2,2.15,0.7,0.8,0.6,2.98,1.38,2.98,2.5,2.71,1.08
TAMILNADU,VIRUTHUNAGAR,VIRUDHUNAGAR,14.93,16.2,19.79,16.18,14.75,10.67,9.59,5.1,4.49,14.4,7.83,4.75,11.31,14.38,16.88,9.16,11.59,11.21
TAMILNADU,VIRUTHUNAGAR,WALAJABAD,1.69,0.7,3.8,1.67,1.4,1.4,0,0,0,0,0,1.72,1.72,1.72,0,0,4.1,4.1
TAMILNADU,VIRUTHUNAGAR,WALAJAPET,34.85,37.15,63.67,20.46,26.31,23.95,30.29,20.75,19.56,24.84,25.5,20.08,15.53,14.88,25.18,10.65,20.09,7.23
TAMILNADU,VIRUTHUNAGAR,YERCAUD,0.89,1.8,0.99,1.72,1.47,1.27,3.32,1.69,2.02,2.85,1.22,1.07,0.67,1.97,1.53,1.09,5.97,1.38