State,District,Tehsil/Block,Premonsoon of2000,Premonsoon of2001,Premonsoon of2002,Premonsoon of2003,Premonsoon of2004,Premonsoon of2005,Premonsoon of2006,Premonsoon of2007,Premonsoon of2008,Premonsoon of2009,Premonsoon of2010,Premonsoon of2011,Premonsoon of2012,Premonsoon of2013,Premonsoon of2014,Premonsoon of2015,Premonsoon of2016,Premonsoon of2017
KARNATAKA,BAGALKOT,BADAMI ,29.07,61.21,79.83,79.38,97.01,95.97,94.85,93.54,94.48,80.63,66.23,70.32,77.4,85.65,73.67,81.42,84.18,81.19
KARNATAKA,BAGALKOT,BAGALKOT ,53.23,57.78,70.23,69.99,73.36,73.36,46.58,74.66,114.08,116.88,84.53,120.16,120.9,136.2,129.18,126.54,126.54,84.6
KARNATAKA,BAGALKOT,BILGI ,7.91,9.34,10.29,13.14,17.38,15.38,22.14,17.32,13.94,14.84,14.64,13.45,14.12,15.29,13.69,19.79,22.64,8.39
KARNATAKA,BAGALKOT,HUNGUND ,58.62,68.34,61.08,65.88,73.37,68.24,83.66,87.32,60.8,63.25,54.3,63.12,63.51,74.19,65.4,70.46,72.46,67.08
KARNATAKA,BAGALKOT,JAMKHANDI ,12.38,24.66,27.75,31.94,45.82,47.83,56.41,48.36,52.23,57.5,55.31,63.53,72.91,70.24,57.13,53.17,72.41,52.19
KARNATAKA,BAGALKOT,MUDHOL ,6.17,7.3,9,10.15,4.25,7.92,8,13.83,11.55,10.8,11.25,9.09,11.5,11.78,9.64,15.04,13.06,9.64
KARNATAKA,BANGALORE,ANEKAL ,62.88,75.78,67.07,74.35,80.1,74.38,64.42,68.57,95.95,84.82,80.44,84.62,88.48,120.79,104.5,111.72,105.81,95.39
KARNATAKA,BANGALORE,BANGALORE EAST ,17.03,16.55,18.78,20.91,20.97,15.12,12.52,53.92,55.98,58.15,71.23,81.39,79.22,87.46,95.51,79.58,94.12,95.28
KARNATAKA,BANGALORE,BANGALORE NORTH ,99.81,109.9,115.31,137.88,166.81,153.48,133.43,163.66,152.87,171.35,178.13,171.4,150.36,193.19,178.26,156.07,158.51,132.87
KARNATAKA,BANGALORE,BANGALORE SOUTH ,31.07,28.22,32,33.25,38.74,31.86,28.29,94.15,112.27,109.15,93.13,87.38,93.04,156.66,154.96,135.72,129.1,108.27
KARNATAKA,BANGALORE RURAL,DEVANHALLI ,50.59,49.17,53,62.08,65.07,55.54,67.27,68.61,74.31,74.5,79.64,74.37,78.51,90.3,88.07,56.95,62.68,55.17
KARNATAKA,BANGALORE RURAL,DOD BALLAPUR ,72.68,68.55,71.8,83.66,106.23,100.19,108.54,99.84,115.74,107.45,122.65,111.03,122.39,140.28,127.3,99.28,104.37,101.8
KARNATAKA,BANGALORE RURAL,HOSKOTE ,26.28,26.26,17.67,30.28,34.91,28.46,29.05,81.5,88.43,82.93,96.96,82.8,87.46,88.56,73.51,68.55,69.36,95.32
KARNATAKA,BANGALORE RURAL,NELAMANGALA ,42.6,39.62,35.76,43.36,50.56,41.84,38.41,47.49,37.36,29.47,46.7,38.87,36.39,48.71,48.51,82.31,24.59,33.21
KARNATAKA,BELGAUM,ATHNI ,97.43,97.3,85.98,104.61,132.05,104.5,104.37,97.12,86.43,99.09,85.52,127.85,156.01,169.44,126.77,108.77,144.87,135.17
KARNATAKA,BELGAUM,BAILAHONGAL ,74.89,91.09,107.93,122.33,105.6,121.59,114.78,110,112.04,95.07,53.57,47.13,52.72,86.2,99.39,95.39,91.36,88.17
KARNATAKA,BELGAUM,BELGAUM ,81.79,93.48,97.69,97.77,91.31,94.53,50.86,111.9,95.53,102.2,50.26,93.36,92.06,83.73,80.97,76.58,90.06,79.36
KARNATAKA,BELGAUM,CHIKODI ,111,104.83,91.31,106.95,107.98,90.07,77.71,100.08,109.71,96.61,62.5,79.32,105.93,111.35,107.7,102.49,71.52,73.13
KARNATAKA,BELGAUM,GOKAK ,81.2,94.71,95.15,94.68,97.07,100.17,96.08,94.54,87.57,81.93,57.51,58.72,77.06,87.51,95.36,77.01,93.17,70.23
KARNATAKA,BELGAUM,HUKERI ,68.49,88.36,76.31,86.79,97.38,110.23,70.88,110.14,98.59,108.02,81.53,91.85,117.17,106.69,102.02,105.07,111.52,109.35
KARNATAKA,BELGAUM,KHANAPUR ,81.33,103.29,86.11,104.36,120.8,86.82,104.05,89.99,140.36,116.69,123.42,118.57,55.65,81.92,47.25,74.64,64.91,59.74
KARNATAKA,BELGAUM,RAMDURG ,32.68,33.78,40.06,40.72,51.78,50.08,44.6,51.58,37.1,41.12,32.34,35.79,41.33,66.86,59.6,61.38,62.81,39.34
KARNATAKA,BELGAUM,RAYBAG ,43.08,66.08,101.85,78.83,134.04,106.08,99.69,97.21,83.7,75.38,76.15,65.87,88.65,129.62,87.72,80.36,105.24,87.37
KARNATAKA,BELGAUM,SAUNDATTI ,109.64,108.13,110.01,130.92,139.78,149.22,111.45,116.41,100.11,103.18,97.36,106.35,85.7,117.4,87.59,102.61,50.28,67.88
KARNATAKA,BELLARY,BELLARY ,58.89,59.1,62.8,89.1,99.6,78.61,107.34,113.29,100.78,103.1,66.54,66.24,75.19,118.73,89.35,77.47,81.02,83.37
KARNATAKA,BELLARY,HADAGALLI ,93.43,96.91,103.65,104.74,108.16,91.36,78.15,91.85,73.85,78.32,67.03,65.32,74.06,91.1,88.19,89.53,96.24,114.13
KARNATAKA,BELLARY,HAGARIBOMMANAHALLI ,39.25,36.62,35.51,36.07,36.26,20.97,40.37,49.34,37.7,20.86,39.62,38.49,39.7,37.98,36.42,36.5,37.5,39.74
KARNATAKA,BELLARY,HOSPET ,40.96,47.65,33.51,36.07,48.99,52.54,40.67,42.47,50.04,35.32,34.74,46.82,41.01,40.29,37.45,42.56,43.55,27.19
KARNATAKA,BELLARY,KUDLIGI ,139.6,131.37,111.16,144.95,156.18,143.89,126.18,159.75,148.26,154.83,117.23,117.92,127.2,97.53,86.09,79.19,82.09,81.09
KARNATAKA,BELLARY,SANDUR ,42.78,54.01,44.76,57.2,57.85,59.75,48.46,48.33,50.3,55,40.39,40.54,39.3,41.65,43.19,42.77,39.19,44.6
KARNATAKA,BELLARY,SIRUGUPPA ,29.62,24.37,22.05,36.33,36.03,50.68,33.15,33.43,12.25,15.76,20.37,21.65,14.12,22.9,18.42,16.06,18.01,7.26
KARNATAKA,BIDAR,AURAD ,43.53,46.91,50.7,44.45,45.61,52.15,44.3,53.3,49.77,49.48,48.36,39.01,39.61,36.96,43.2,32.44,60.29,32.77
KARNATAKA,BIDAR,BASAVAKALYAN ,58.51,45.56,75.11,72.15,59.98,93.54,68.44,77.07,73.03,101.42,118.45,57.53,96.45,99.74,102.34,138.27,145.74,45.42
KARNATAKA,BIDAR,BHALKI ,64.23,50,54.51,59.65,61.14,66.63,61.42,108.43,69.69,71.99,77.06,66.6,73.15,99.13,102.91,98.7,104.8,52.97
KARNATAKA,BIDAR,BIDAR ,76.7,86.93,93.96,86.21,98.43,81.93,104.33,84.38,83.03,93.61,106.7,71.32,100.11,87.45,81.87,84.93,90.74,72.35
KARNATAKA,BIDAR,HOMNABAD ,124.96,137.9,166.01,152.08,167.89,185.98,151.6,158.34,145.44,115.99,121.49,94.65,110.86,205.86,186.98,203.09,210.64,109.07
KARNATAKA,BIJAPUR,BASAVANA BAGEVADI ,109.6,106.28,104.45,105.43,125.16,111.72,134.04,123.54,87.7,97.66,67.18,76.88,95.96,180.94,202.67,181.51,173.77,79.45
KARNATAKA,BIJAPUR,BIJAPUR ,80.18,83.31,109.63,91.69,103.57,108.31,99.47,133.16,119.76,123.91,107.55,101.08,135.04,224.96,212.38,204.84,215.66,143.19
KARNATAKA,BIJAPUR,INDI ,93.53,100.52,101.84,99.4,111.29,112.93,108.71,162.25,158.59,178.39,142.62,164.51,169.82,165.58,150.06,173.5,175.89,180.06
KARNATAKA,BIJAPUR,MUDDEBIHAL ,70.47,78.77,64.35,70.74,87.49,82.44,70.72,98.62,70.41,71.01,60.01,59.19,73.44,110.17,64.82,62.28,67.69,64.01
KARNATAKA,BIJAPUR,SINDGI ,90.97,74.7,67.29,66.54,69.45,94.66,58.76,69.7,63.87,72.65,73.09,79.17,72.19,126.32,108.34,110.13,122.59,70.05
KARNATAKA,CHAMRAJNAGAR,CHAMRAJNAGAR ,66.7,54.65,69.94,86.63,98.63,66.21,43.31,108.45,81.45,88.23,99.29,91.68,91.25,97.95,118.84,90.55,79,64.39
KARNATAKA,CHAMRAJNAGAR,GUNDLUPET ,87.74,71.3,81.48,93.84,88.73,73.26,63.87,87.45,100.26,90.88,100.89,92.54,94.25,105.36,88,75.01,73.53,72.03
KARNATAKA,CHAMRAJNAGAR,KOLLEGAL ,10.71,28.35,37.46,43.97,31.09,27.37,37.1,63.32,63.69,68.75,71.84,65.85,79.49,87.45,73.27,53.1,75.48,88.07
KARNATAKA,CHAMRAJNAGAR,YELANDUR ,12.82,15.92,20.01,23.39,24.58,22.47,15.63,26.4,17.91,21.07,27.03,20.06,25.72,33.4,25.66,20.17,21.55,33.45
KARNATAKA,CHIKKABALLAPURA,BAGEPALLI ,84.44,63.09,58.57,79.49,93.64,139.48,82.33,96.92,102.43,112.6,82.23,52.17,90.91,152.22,167.26,169.46,168.96,96.36
KARNATAKA,CHIKKABALLAPURA,CHIK BALLAPUR ,43.22,43.34,41.98,65.74,67.41,105.33,150.81,165.71,186.47,113.85,124.02,125.83,127.93,201.31,194.59,191.27,181.76,81.28
KARNATAKA,CHIKKABALLAPURA,CHINTAMANI ,3.65,36.32,32.6,88.15,105.8,117.62,106.81,104.33,127.87,118.56,122.99,116.76,113.44,217.86,220.13,247.32,211,110.29
KARNATAKA,CHIKKABALLAPURA,GAURIBIDANUR ,103.88,85.34,84.77,114.68,156.29,173.13,175.36,186.2,143.19,126.1,135.34,110.95,94.55,271.65,256.8,263.77,251.34,189.11
KARNATAKA,CHIKKABALLAPURA,GUDIBANDA ,17.9,18.95,16.48,19.2,19.2,19.2,0,0,28.95,20.9,20.9,20.9,0,69.05,69.05,58.55,58.55,58.55
KARNATAKA,CHIKKABALLAPURA,SIDLAGHATTA ,18.45,16.47,15.39,24.13,45.4,45.88,39.01,48.31,51.15,49,49.01,55.58,63.11,66.76,65.83,74.04,74.04,47.2
KARNATAKA,CHIKMAGALUR,CHIKMAGALUR ,40.28,34.8,36.58,44.21,41.01,46.86,40.84,38.26,47.17,50.86,45.86,47.12,48.85,53.81,49.6,48.87,50.73,54.24
KARNATAKA,CHIKMAGALUR,KADUR ,24.75,23.74,30.86,52.99,54.02,52.02,64.78,76.65,56.55,53.52,54.22,44.57,61.01,75.95,80.65,61.15,65.07,58.6
KARNATAKA,CHIKMAGALUR,KOPPA ,25.14,27.45,27.71,28.79,26.43,28.72,26.16,24.62,26.28,26.82,24.6,25.69,26.81,25.58,26.15,26.36,27.92,28.31
KARNATAKA,CHIKMAGALUR,MUDIGERE ,8.83,9.07,10.45,8.29,11.42,20.16,19.87,17.86,17.16,18.39,14.68,16.43,13.99,14.79,12.6,14.73,15.52,16.04
KARNATAKA,CHIKMAGALUR,NARASIMHARAJAPURA ,22.14,35.05,36.66,34.84,38.5,37.67,33.46,31.8,27.14,11.93,13.36,32.52,28.15,74.98,74.6,34.66,34.8,42.83
KARNATAKA,CHIKMAGALUR,SRINGERI ,22.57,22.07,20.36,21.07,22.36,22.46,21.52,21.23,20.81,21.47,18.45,21.68,20.91,21.87,20.75,21.22,20.14,22.71
KARNATAKA,CHIKMAGALUR,TARIKERE ,84.38,73.09,92.83,98.94,85.85,85.85,107.23,113.69,97.69,104.47,84.16,82.69,96.39,115.27,106.91,103.87,116.03,77.63
KARNATAKA,CHITRADURGA,CHALLAKERE ,84.21,69.76,80.11,90.68,102.5,118.72,127.34,147.44,119.15,120.74,95.93,88.76,140.14,148.31,135.17,131.15,114.41,118.64
KARNATAKA,CHITRADURGA,CHITRADURGA ,61.45,54.17,63.89,62.59,54.95,42.87,50.75,103.09,66.98,73.45,55.49,50.31,62.83,58.72,54.88,59.55,64.43,74.4
KARNATAKA,CHITRADURGA,HIRIYUR ,91.17,109.48,111.82,123.03,126.63,103.24,122.09,149.71,140.72,156.24,115.03,119.1,155.01,182.76,186.22,168.28,159.36,110.16
KARNATAKA,CHITRADURGA,HOLALKERE ,79.27,63.23,80.66,86.97,84.34,78.89,51.17,122.98,95.61,104.29,62.81,50.23,61.91,145.15,145.08,124.41,124.04,57.12
KARNATAKA,CHITRADURGA,HOSDURGA ,31.47,25.89,38.07,40,34.67,34.93,33.14,67.37,50.41,66.8,29.7,40.96,59.5,70.06,71,67,65.15,55.65
KARNATAKA,CHITRADURGA,MOLAKALMURU ,35.29,38.76,36.57,42.16,57.22,52.21,56.51,77.96,47.49,51.69,26.88,45.56,66.18,95.89,84.87,83.91,83.91,53.52
KARNATAKA,DAKSHINA KANNADA,BANTVAL ,54.63,65.62,65.39,58.19,50.97,77.05,91.61,98.99,78.15,90.82,90.78,76.48,91.89,102.52,92.29,83.95,82.1,91.2
KARNATAKA,DAKSHINA KANNADA,BELTANGADI ,36,36.5,44.57,40.53,36.82,44.95,37.5,45.8,37.57,40.33,40.56,41.85,42.38,32.56,29.32,32.03,31.84,39.43
KARNATAKA,DAKSHINA KANNADA,MANGALORE ,29.46,25.02,23.76,31.52,22.57,42.08,27.66,83.61,79,83.33,84.03,72.79,77.35,117.03,118.38,110.82,113.93,59.97
KARNATAKA,DAKSHINA KANNADA,PUTTUR ,59.22,70.99,64.01,57.38,63.5,94.67,76.81,95.55,89.06,84.27,78.42,86.53,93.09,91.97,86.05,75.91,89.18,92.9
KARNATAKA,DAKSHINA KANNADA,SULYA ,62.74,57.76,61.59,61.24,58.53,75.48,56.99,86.36,85.34,91.48,100.44,80.18,94.88,85.6,84,71.72,86.29,91.65
KARNATAKA,DAVANAGERE,CHANNAGIRI ,57.31,52.2,63.16,64.28,79.89,70.57,57.61,65.17,48.42,52.21,43.63,40.26,41.7,54.66,37.4,35.64,43.31,53.64
KARNATAKA,DAVANAGERE,DAVANGERE ,40.93,48.98,55.93,62.93,90.29,67.1,45.12,51.38,19.96,26.97,19.03,17.8,16.48,53.97,38.43,36.41,41.66,41.63
KARNATAKA,DAVANAGERE,HARIHAR ,31.48,26.34,29.7,29.6,41.76,29.21,30.47,40.5,33.48,34.12,29.92,32.36,30.49,38.05,29.12,30.9,49.13,72.77
KARNATAKA,DAVANAGERE,HARPANAHALLI ,78.25,65.28,67.1,114.74,124.62,117.94,117.01,105.57,66.87,90.4,65.24,53.87,85.47,115.7,95.11,86.36,104.37,126.22
KARNATAKA,DAVANAGERE,HONNALI ,20.22,15.11,18.08,15.79,19.02,26.4,28.68,25.96,20.29,20.89,19.18,13.08,15.79,23.22,17.97,27.22,30.37,27.81
KARNATAKA,DAVANAGERE,JAGALUR ,32.08,23.77,31.45,30.28,47.36,45.47,45.47,28.47,32.54,46.4,20.56,22.56,35.99,40.53,36.9,37.23,45.15,40.1
KARNATAKA,DHARWAD,DHARWAD ,101.65,97.1,120.26,116.31,148.6,120.85,117.67,126.51,105.6,103.02,81.85,68.04,59.18,124.94,110.23,103.62,90.27,60.24
KARNATAKA,DHARWAD,HUBLI ,17.55,14.81,14.37,24.5,27.28,34.99,35.25,29.09,20.86,32.28,19.62,33.95,31.78,34.82,38.41,30.05,8.06,11.08
KARNATAKA,DHARWAD,KALGHATGI ,16.64,15.15,11.45,22.59,16.7,18.29,13.59,12.29,20.34,2.95,10.34,13.69,13.19,16.8,3.79,12.65,11.84,12.18
KARNATAKA,DHARWAD,KUNDAGOL ,42.75,43.22,48.55,52.08,53.41,56.35,52.14,52.84,43.24,50.3,35.4,40.85,39.25,46.42,51.21,39.14,36.57,48.44
KARNATAKA,DHARWAD,NAVALGUND ,30.05,27.79,29.25,32.1,34.17,43.7,42.33,58.2,72.45,65.18,44.66,40.74,43.9,53.19,57.13,55.19,60.68,54.01
KARNATAKA,GADAG,GADAG ,56,37.21,43.4,57.85,67.14,68.54,60.43,78,45.65,55.9,64.88,51.1,57.88,66.48,53.99,46.38,50.99,33.47
KARNATAKA,GADAG,MUNDARGI ,34.01,23.64,25.91,31.62,40.12,33.97,36.63,45.18,19.76,23.91,20.06,25.61,28.93,28.05,38,30.86,41.08,41.08
KARNATAKA,GADAG,NARGUND ,49.8,47.4,50.27,52.24,49.67,46.8,39.25,24.59,28.54,27.17,33.22,31.89,33.94,25.34,82.44,63.23,83.79,70.34
KARNATAKA,GADAG,RON ,84.33,73.25,90.23,93.33,82.18,79.87,105,137.76,131.26,90.43,124.62,116.88,113.72,127.25,106.7,90.14,101.77,104.02
KARNATAKA,GADAG,SHIRHATTI ,67.58,54.22,64.03,72.6,78.78,85.1,74.77,88.53,61.96,69.17,51.2,46.17,54.07,101.78,92.19,81.64,85.06,61.52
KARNATAKA,GULBARGA,AFZALPUR ,100.87,93.77,129.92,88.34,97.62,108.03,71.76,109.59,105.26,101.12,87.54,89.48,86.08,144.67,127.89,62.49,65.98,56.17
KARNATAKA,GULBARGA,ALAND ,96.67,89.35,91.96,89.06,94.31,100.57,82.06,125.28,98.88,95.77,87.64,76.42,82.36,107.5,86.26,77.73,124.78,97.24
KARNATAKA,GULBARGA,CHINCHOLI ,111.94,98.49,112.87,86.23,96.01,93.05,74.21,94.12,112.54,124.55,126.37,106.65,73.5,174.13,165.9,172.45,180.13,62.03
KARNATAKA,GULBARGA,CHITAPUR ,43.63,36.78,38.09,29.3,29.31,34.46,38.52,33.8,29.77,36.06,33.84,26.22,38.43,20.7,28.1,31.35,32.04,32.65
KARNATAKA,GULBARGA,GULBARGA ,128.39,126.48,141.89,125.42,136.08,148.13,121.38,138.91,142.67,189.59,115.3,81.95,117.91,117.93,73.02,79.52,127.42,69.79
KARNATAKA,GULBARGA,JEVARGI ,47.95,49.02,47.75,49.39,41.01,46.65,25.99,50.8,30.61,52.12,38.09,35.56,51.42,139.46,131.88,47.99,95.43,71.47
KARNATAKA,GULBARGA,SEDAM ,30.41,30.48,23.16,17.03,21.11,28.66,35.99,53.21,51.6,46.2,44.16,45.89,43.06,43.27,54.5,26.46,46.34,46.34
KARNATAKA,HASSAN,ALUR ,24.04,16.02,21.84,23.46,22.52,19.29,10.49,24.7,21.81,30.36,25.12,15.06,21.23,28.13,24.82,24.03,16.63,32.2
KARNATAKA,HASSAN,ARKALGUD ,62.89,37.61,50.56,54.93,38.98,55.7,57.04,81.99,63.71,64.17,62.2,61.35,68.62,77.07,70.28,60.37,86.31,61.22
KARNATAKA,HASSAN,ARSIKERE ,49.68,58.23,54.36,65.99,48.39,46.96,64.73,70.9,63.66,69.83,65.13,63.12,61.43,72.12,72.42,73.28,73.73,49.2
KARNATAKA,HASSAN,BELUR ,16.87,21.51,15.77,18.31,23.06,26.37,23.1,30.03,21.24,17.57,14.14,14,17.48,26.55,29.05,26.95,28.96,32.95
KARNATAKA,HASSAN,CHANNARAYAPATNA ,61.74,56.34,62.22,66.2,76.09,34.21,42.44,62.53,67.57,69.6,70.83,53.14,61.24,80.43,74.27,64.8,71.92,59.99
KARNATAKA,HASSAN,HASSAN ,65.58,71.92,92.77,100.16,89.55,92.63,86.19,73.5,59.62,59.29,52.14,51.75,70.53,78.79,78.02,87.15,68.7,67.39
KARNATAKA,HASSAN,HOLENARSIPUR ,19.96,14.46,18.12,19.82,14.7,14.06,9.72,12.48,11.24,10.13,12.21,11.26,12.87,14.16,12.04,10.49,14.86,16.53
KARNATAKA,HASSAN,SAKLESHPUR ,8.54,8.91,9.54,9.06,8.94,9.04,8.64,8.54,7.24,8.48,8.14,7.59,8.36,10.48,8.49,8.04,8.59,9.12
KARNATAKA,HAVERI,BYADGI ,47.38,37.4,45.83,46.11,52.39,57.11,52.58,53.23,35.03,35.71,23.43,23.65,26.13,56.46,57.94,51.48,39.93,45.95
KARNATAKA,HAVERI,HANGAL ,47.29,49.01,50.14,50.61,39.97,38.79,66.52,86.02,64.44,86.22,43.87,44.34,56.13,63.38,56.59,58.26,57.96,40.46
KARNATAKA,HAVERI,HAVERI ,50.33,45.28,10.92,14.15,25.61,43.67,82.29,76.02,20.67,25.37,21.8,26.07,26.04,42.33,33.75,35.97,26.55,16.3
KARNATAKA,HAVERI,HIREKERUR ,81.96,69.43,75.33,108.92,108.19,98.32,65.34,104.66,78.88,62.91,60.48,49.76,58.12,230.99,225.25,185.3,189.55,51.47
KARNATAKA,HAVERI,RANIBENNUR ,35.67,35.71,33.78,34.07,32.99,45.3,48.07,44.97,29.28,29.32,21.41,21.42,25.42,34.09,31.48,25.77,30.44,24.01
KARNATAKA,HAVERI,SAVANUR ,7.69,4.38,9.14,9.14,9.14,0,12.39,11.39,12.39,12.39,12.39,12.39,0,0,0,0,0,0
KARNATAKA,HAVERI,SHIGGAON ,66.41,46,79.29,92.03,92.03,82.35,57.34,92.49,63.62,80.87,76.48,56.82,71.93,85.42,54.66,59.26,65.22,69.07
KARNATAKA,KODAGU,KODAGU ,62.69,90.15,69.16,75.72,69.2,79.38,62.62,68.58,65.64,67.34,58.61,51.25,58.09,119.58,118.45,111.29,111.8,54.2
KARNATAKA,KODAGU,SOMVARPET ,88.97,84.24,107.45,100.64,99.32,110.38,56.89,94.12,100.49,97.95,93.04,82.49,89.45,94.83,91.95,88.97,97.02,90.74
KARNATAKA,KODAGU,VIRAJPET ,91.3,106.22,110.81,107.46,101.78,108.02,98.46,103.58,96.82,89.54,83.73,90.93,117.67,101.39,103.68,90.07,91.47,99.93
KARNATAKA,KOLAR,BANGARAPET ,12.53,82,81.51,101.36,123.6,118.44,126.73,157.24,239.67,239.9,228.42,195.67,173.46,220.37,298.15,297.27,296.57,181.92
KARNATAKA,KOLAR,KOLAR ,27.2,41.31,36.37,45.94,89.85,86.02,104.2,125.94,148.83,154.47,137.21,147.44,157.7,180.58,157.18,174.22,198.09,190.26
KARNATAKA,KOLAR,MALUR ,32.74,54.32,54.57,97.36,115.23,118.04,128.19,134.99,90.81,90.67,38.43,144.06,142.09,181.7,235.9,235.9,226.95,43.02
KARNATAKA,KOLAR,MULBAGAL ,4.56,6.74,2.66,47.19,52.58,70.41,55.98,77.5,81.59,88.47,93.08,86.63,102.87,115.36,105.7,141.45,124.6,78.49
KARNATAKA,KOLAR,SRINIVASAPURA ,15.82,27.67,30.31,43.87,56.02,68.51,63.83,59.83,67.58,42.31,44.2,43.02,43.51,103.27,103.76,74.88,75.16,61.92
KARNATAKA,KOPPAL,GANGAWATI ,57.6,64.96,51.6,65.87,72.24,58.8,61.55,68.51,62.78,66.73,46.42,58.52,71.86,70.87,64.51,58.89,64.12,63.21
KARNATAKA,KOPPAL,KOPPAL ,49.93,55.84,54.5,64.42,62.99,60.45,68.48,66.64,53.04,63.55,47.96,53.07,59.57,60.52,55.49,55.05,56.04,53.24
KARNATAKA,KOPPAL,KUSHTAGI ,31.89,44.05,44.13,52.31,63.87,60.78,58.49,66.94,59.32,60.88,53.04,52.73,49.27,135.72,131.47,86.65,86.82,44.57
KARNATAKA,KOPPAL,YELBARGA ,57.32,56.74,58.27,64.79,67.68,63.52,68.38,79.93,80.15,83.36,63.62,74.14,85.37,89.59,84.51,78.94,84.01,74.63
KARNATAKA,MANDYA,KRISHNARAJPET ,40.47,40.72,38.86,46.47,46.1,50.68,33.32,36.25,32.11,28.44,15.16,12.63,10.95,37.77,43.22,29.61,36.82,54.2
KARNATAKA,MANDYA,MADDUR ,43.62,42.85,46.19,50.6,50.86,35.87,29.66,37.87,36.32,49.72,38.85,36.38,34.16,58.65,46.63,44.75,45.13,54.29
KARNATAKA,MANDYA,MALAVALLI ,46.25,41.81,59.83,58.22,56.73,57.34,36.69,46.27,54.05,67.02,67.66,45.95,53.3,73.22,69.08,65.77,68.13,57.04
KARNATAKA,MANDYA,MANDYA ,17.14,14.06,18.77,30.2,19.05,24.22,12.97,21.28,16.64,24.23,17.8,13.82,13.77,42.46,31.57,20.18,30.7,37.95
KARNATAKA,MANDYA,NAGAMANGALA ,36.6,44.73,44.93,68.87,65.93,57.3,57.22,71.2,65.15,65.48,57.23,64.75,83.16,106.71,85.25,62.24,82.89,53.82
KARNATAKA,MANDYA,PANDAVAPURA ,25.53,24.19,35.84,35.38,16.34,42.26,33.39,44.56,52.15,59.09,40.78,45.31,46.57,55.33,45.04,44.44,58.81,40.09
KARNATAKA,MANDYA,SHRIRANGAPATTANA ,32.24,18.32,38.89,35.88,34.52,20.32,20.33,33.7,32.29,35.85,25.83,23.15,28.71,43.69,36.69,28.01,35.53,30.24
KARNATAKA,MYSORE,HEGGADADEVANKOTE ,62.99,51.67,45.55,56,55.08,46.82,46.46,78.08,69.47,71.88,62.36,61.75,69.51,82.81,72.76,68.35,75.38,63.99
KARNATAKA,MYSORE,HUNSUR ,72.67,73.69,75.33,77.04,53.02,52.35,56.86,99.51,65.66,73.88,65.45,59.47,64.72,86.09,79.92,76.68,60.71,62.22
KARNATAKA,MYSORE,KRISHNRAJANAGARA ,55.69,44.36,44.69,51.28,53.09,53.83,45.49,54.53,48.75,55.64,52.26,52.77,46.51,65.46,63.36,49.02,56.65,44.54
KARNATAKA,MYSORE,MYSORE ,43.39,50.05,53.3,48.99,41.28,33.89,53.09,59.13,58.2,66.64,40.51,38.92,43.46,60.36,61.1,55.66,77.48,45.87
KARNATAKA,MYSORE,NANJANGUD ,29.75,27.7,24.94,33.01,32.85,25.19,28.89,50.47,43.24,53.76,37.68,31.82,37.63,63.46,65.26,63.42,63.91,71.9
KARNATAKA,MYSORE,PIRIYAPATNA ,50.83,44.29,48.28,60.55,56.64,62.79,46.1,63.93,43.26,58.17,46.89,54.23,62.19,80.99,70.95,58.73,66.64,80.62
KARNATAKA,MYSORE,TIRUMAKUDAL NARSIPUR ,26.11,21.85,35.31,21.09,24.6,25.01,26.74,36.37,29.32,26.86,27.06,27.13,32.31,47.61,36.8,39.34,34.17,39.87
KARNATAKA,RAICHUR,DEODRUG ,29.28,29.81,31.31,30.17,37.65,36.79,31.35,26.5,28.7,35.08,15.22,23.24,20.76,72.45,68.78,25.26,28.63,32.8
KARNATAKA,RAICHUR,LINGSUGUR ,26.86,32.29,36.48,31.72,37.52,38.98,43.34,43.09,23.17,28.85,19.28,23.95,34.14,35.97,23.89,26.4,27.45,29.44
KARNATAKA,RAICHUR,MANVI ,74.99,75.07,71.4,83.67,87.3,84.81,72.09,84.32,72.45,80.39,49.08,52.22,107.07,150.43,137.72,133.16,153.78,82.95
KARNATAKA,RAICHUR,RAICHUR ,9.49,15.21,14.3,14.14,20.17,17.84,12.76,17.05,12.77,20.78,12.84,13.63,17.37,22.06,15.31,8.32,9.11,10.26
KARNATAKA,RAICHUR,SINDHNUR ,23.47,33.59,38.73,39.9,39.87,32.86,38.12,40.61,30.14,36.22,26.21,31,46.25,42.34,34.14,31.35,46.07,32.85
KARNATAKA,RAMANAGARA,CHANNAPATNA ,38.39,48.67,50.11,61.1,66.81,48.14,29.88,69.75,75.38,81.29,66.2,56.32,64.11,144.56,130.06,121.08,122.31,77.73
KARNATAKA,RAMANAGARA,KANAKAPURA ,54.6,55.1,80.3,80.79,76.02,66.05,54.48,70.63,71.81,69.29,53.34,52.2,59.31,91.3,74.4,83.07,76.82,94.16
KARNATAKA,RAMANAGARA,MAGADI ,62.73,66.16,70.58,88.28,100.7,91.57,68.09,89.76,104.72,78.59,79.52,73.41,75.07,107.02,106.1,82.94,71.6,63.02
KARNATAKA,RAMANAGARA,RAMANAGARAM ,32.85,25.89,43.12,41.88,47.7,36.46,26.67,40,44.93,42.6,41.89,41.66,40.66,69.4,69.51,66.79,53.42,57.19
KARNATAKA,SHIMOGA,BHADRAVATI ,9.5,8.18,7.68,13.85,10.17,13.8,16.14,10.78,7.38,5.26,8.21,6.5,6.54,6.65,4.61,4.84,6.1,6.41
KARNATAKA,SHIMOGA,HOSANAGARA ,29.96,28.48,32.4,33.13,29.32,32.8,23.45,27.28,37.18,40.15,19.51,21.63,44.1,92.49,89.73,91.29,91.88,20.1
KARNATAKA,SHIMOGA,SAGAR ,33.09,31.11,35.01,39.45,30.23,35.19,30.44,37.26,27.52,32.08,27.28,31.2,31.08,25.46,24.72,30.19,31.18,31.54
KARNATAKA,SHIMOGA,SHIKARIPUR ,39.71,39.06,42.64,42.72,33.92,35.08,47.57,53.27,43.78,43.42,44.15,35.56,45.84,57.01,48.95,24.22,41.56,52.03
KARNATAKA,SHIMOGA,SHIMOGA ,32.01,23.37,37.71,37.76,41.06,29.31,31.36,41.89,22.14,25.11,14.33,14.68,14.65,22.6,15.44,17.34,22.63,34.3
KARNATAKA,SHIMOGA,SORAB ,80.15,78.38,79.44,88.61,80.35,85.96,74.51,87.4,71.89,71.74,71.69,63.28,67.23,84.18,64.33,74.23,86.12,99.03
KARNATAKA,SHIMOGA,TIRTHAHALLI ,34.23,34.53,36.19,66.67,71.84,73.49,39.24,67.53,57.1,67.59,63.8,66.03,66.88,65.47,67.83,67.92,67.5,73.58
KARNATAKA,TUMKUR,CHIKNAYAKANHALLI ,61.87,50.78,68.34,76.83,98.63,88.41,65.7,92.39,85.01,68.93,53.58,48.64,62.67,113.43,111.2,106.7,102.65,37.21
KARNATAKA,TUMKUR,GUBBI ,141.91,104.63,126.27,145.05,194.06,189.17,145.08,157.82,146.53,131.45,129.64,111.03,138.98,213.92,238.98,220.51,203.98,146.65
KARNATAKA,TUMKUR,KORATAGERE ,44.44,49.74,55.41,73.47,68.74,82.16,89.89,117.91,74.84,55.62,61.2,51.88,74.43,76.16,61.03,51.79,51.27,67.14
KARNATAKA,TUMKUR,KUNIGAL ,57.12,45.57,60.8,79.26,103.49,82.56,48.47,66.47,58.37,58.56,67.94,68.34,67.97,97.18,66.45,56.38,53.27,43.94
KARNATAKA,TUMKUR,MADHUGIRI ,124.68,94.66,96.13,142.36,230.25,251.55,151.12,194.27,173.91,117.48,156.76,156.41,226.61,236.49,258.51,267.56,256.42,144.79
KARNATAKA,TUMKUR,PAVAGADA ,38.19,43.54,39.03,51.43,32.07,37.72,33.46,55.74,41.03,34.46,40.48,51.61,58.22,113.15,115.92,109.53,97.58,39.66
KARNATAKA,TUMKUR,SIRA ,16.68,22.92,25.88,27.97,32.18,27.71,15.98,33.5,34.35,26.24,27.59,24.41,32.67,39.75,37.96,40.37,40.99,20.38
KARNATAKA,TUMKUR,TIPTUR ,80.63,67.5,63.2,67.87,83.85,90.37,71.52,93.34,88.09,85,77.47,75.75,86.92,96.97,98.66,88.75,83.42,107.97
KARNATAKA,TUMKUR,TUMKUR ,67.77,81.19,83.51,91.66,130.44,81.32,120.66,146.48,138.05,134.72,123.23,128.03,142.92,195.5,166.47,144.28,88.9,43.42
KARNATAKA,TUMKUR,TURUVEKERE ,54.3,54.22,54.78,54.24,60.21,36.02,55.06,52.86,48.34,49.22,40.34,38.04,46.94,74.01,56.46,50.84,44.98,50.75
KARNATAKA,UDUPI,KUNDAPURA ,90.29,79.93,96.96,93.47,91.52,107.87,64.99,88.61,86.13,96.64,107.02,92.77,108.08,100.65,102.71,92.09,85.13,84.1
KARNATAKA,UDUPI,UDUPI ,57.84,58.03,51.76,58.23,53.63,58.12,54.7,60.3,54.72,58.38,57.04,60.08,57.3,62.85,59.04,61.41,57.71,64.16
KARNATAKA,UTTARA KANNADA,ANKOLA ,21.37,27.02,23.02,26.36,17.07,28.16,26.6,36.73,30.46,38.12,36.72,27.97,40.13,39.17,29.65,31.58,31.21,39.39
KARNATAKA,UTTARA KANNADA,BHATKAL ,7.56,16.11,13.55,17.49,10.75,15.46,14.78,14.58,14.63,14.46,14.53,21.7,25.79,63.86,64.85,64.3,64.17,16.19
KARNATAKA,UTTARA KANNADA,HALIYAL ,17.78,17.35,15.64,16.45,14.9,15.31,23.34,15.02,13.21,14.1,22.74,20.37,23.23,25.05,23.95,23.95,15.97,18.05
KARNATAKA,UTTARA KANNADA,HONAVAR ,14.21,19.87,14.43,18.46,14.98,22.9,20.22,35.01,40.29,39.01,36.67,29.44,41.61,40.31,45.39,36.49,38.96,39.79
KARNATAKA,UTTARA KANNADA,KARWAR ,9.54,13.19,9.9,14.2,9.57,17.89,9.07,12.33,12.22,13.49,14.99,12.78,14.97,15.83,15.08,12.93,13.22,13.33
KARNATAKA,UTTARA KANNADA,KUMTA ,24.66,44.32,40.17,42.08,36.59,41.73,38.16,41.56,41.33,39.24,40.34,34.22,44.1,45.81,44.17,48.72,45.88,48.33
KARNATAKA,UTTARA KANNADA,MUNDGOD ,15.8,16.12,18.88,17.25,17.16,20.52,17.98,18.85,21.57,19.1,12.57,17.1,15.45,19.02,15.05,11.32,14.97,18.15
KARNATAKA,UTTARA KANNADA,SIDDAPUR ,47.61,50.88,51.81,53.45,50.71,50.19,45.19,42.71,44.09,49.05,49.63,49.46,48.46,53.29,46.2,49.04,50.28,51.32
KARNATAKA,UTTARA KANNADA,SIRSI ,78.98,80.65,84.64,79.64,79.4,86.4,75.57,81.97,77.26,72.39,74.31,78.42,73.56,78.36,76.09,75.52,76.15,37.46
KARNATAKA,UTTARA KANNADA,SUPA ,42.24,45.53,46.55,47.26,44.23,43.42,42.41,38.53,37.28,49.4,43.33,45.38,40.67,43.11,45.4,45.49,41.81,44.79
KARNATAKA,UTTARA KANNADA,YELLAPUR ,48.94,45.18,47.85,44.37,44.57,50.52,40.99,36.21,33.37,46.94,42.11,40.78,44.58,49.27,43.69,40.7,43.11,46.55
KARNATAKA,YADGIR,SHAHPUR ,56.94,56.28,53.46,49.94,56.13,48.26,48.39,71.05,61.11,73.98,67.04,50.87,75.42,70.25,66.71,50.97,70.01,59.31
KARNATAKA,YADGIR,SHORAPUR ,88.67,79.38,78.58,62.16,67.33,76.13,92.13,76.86,77.84,93.19,77.08,65.04,82.99,112.5,102.8,96.7,107.38,62.89
KARNATAKA,YADGIR,YADGIR ,87.86,79.7,87.11,76.85,104.84,115.64,102.78,120.75,82.99,98.82,80.14,62.11,75.59,66.76,66.79,79.69,74.83,65.31
TAMILNADU,KANYAKUMARI,AGASTHEESWARAM,71.56,77.5,75.87,96.33,85.87,89.55,73.26,48.75,48.21,50.61,46.37,45.25,39.5,51.12,36.28,35.26,19.19,14.11
TAMILNADU,MADURAI,ALANGANALLUR,20.17,21.76,26.22,21.13,23.45,28.05,32.53,30.21,31.99,7.63,69.87,69.1,59.3,110.85,145.14,124.35,127.15,144.5
TAMILNADU,VELLORE,ALANGAYAM,34.48,32.41,25.8,40.3,33.9,34.92,24.15,17.65,28.2,26.8,31.44,27.77,33.92,32.07,36.32,35.89,19.06,24.52
TAMILNADU,TIRUNELVELI,ALANGULAM,31.45,24.54,22.34,32.65,30.65,19.61,10.33,33.87,5.87,18.11,18.26,25.48,26.18,35,25.71,9.61,11.85,30.28
TAMILNADU,PERAMBALUR,ALATHUR,7.29,6.73,8.07,12.64,10.1,10.6,5.99,5.5,11.2,9,10.3,7.92,8.14,10.8,9.68,13.99,13.93,14
TAMILNADU,THOOTHUKKUDI,ALWARTHIRUNAGIRI,5.26,5.32,6.13,4.99,6.91,10.28,12.13,6.74,6.45,7.84,9.34,9.31,9.26,16.84,12.03,10.9,5.84,19.5
TAMILNADU,TIRUNELVELI,AMBASAMUDRAM,19.74,18.13,19.32,21.76,19.35,16.07,21.5,13.1,13.8,16.31,22.88,28.05,19.86,24.44,18.99,12.25,18.49,26.68
TAMILNADU,ERODE,AMMAPET,12.18,11.45,14.4,7.66,18.76,8.4,10.81,0.88,8.06,9.61,10.31,10.81,8.56,18.76,13.76,11.51,18.06,18.76
TAMILNADU,THANJAVUR,AMMAPETTAI,62.3,49.93,25.99,43.36,52.23,62.47,62.92,17.7,20.42,27.96,28.72,34.35,36.92,38.71,37,28.12,24.8,26.77
TAMILNADU,VELLORE,ANAICUT,46.1,37.83,35.8,44.76,31.48,41.79,27.84,26.14,25.59,32.58,32.35,23.85,25.05,28.05,30.25,34.68,24.45,31.76
TAMILNADU,COIMBATORE,ANAIMALAI,0,0,0,0,0,0,5.06,5.06,6.71,3.35,1.97,1.9,1.9,4.82,4.75,3.1,2.03,4.9
TAMILNADU,TIRUVANNAMALAI,ANAKAVUR,10.73,9.61,11.63,16.04,6.72,8.9,8.81,9.2,6.51,9.34,9.82,7.23,9.32,8.5,12.2,14.64,7.65,10.22
TAMILNADU,THENI,ANDIPATTI,29.02,35.11,36.5,44.09,43.61,24.65,19.98,26.02,13.53,30.75,30,17.8,21.9,36.61,56.01,25.09,33.22,60.5
TAMILNADU,PUDUKKOTTAI,ANNAVASAL,7.5,7.21,8.65,9.25,8.45,10.17,9.15,7.35,6.3,8.32,8.96,8.8,8.95,7.9,13.73,10.71,7.3,14.3
TAMILNADU,COIMBATORE,ANNUR,91.28,102.47,110.38,140.88,151.32,91.54,93.2,106.57,83.7,107.56,115.51,111.03,64.88,78.58,125.13,91.53,85.31,145.47
TAMILNADU,ERODE,ANTHIYUR,68.35,49,58.46,61.67,87.52,53.09,60.5,46.11,39.12,37.94,48.32,43.63,38.89,55.83,72.05,39.59,48.1,62.47
TAMILNADU,VELLORE,ARAKONAM,30.1,15.65,13.63,32.57,32.26,33.83,35.08,33.23,19.94,28.03,25.85,25.73,22.4,22.31,33.18,32.63,32.2,21.88
TAMILNADU,TIRUVANNAMALAI,ARANI,9.52,9.33,6.11,8.51,8,12.62,9.1,11,3.8,8.69,12.26,9.88,15.78,14.55,19.16,15.51,11,11.91
TAMILNADU,PUDUKKOTTAI,ARANTHANGI,26.92,21.19,24.91,22.07,26.64,26.91,26.79,20.37,9.8,11.65,12.64,13.62,16.68,15.63,21.2,15.87,19.12,18.67
TAMILNADU,KARUR,ARAVAKURICHI,13.67,20.7,31.32,26.14,24.29,14.62,13.14,10.19,12.4,14.15,13.5,9,10.53,14.21,17.62,12.6,11.85,22.39
TAMILNADU,VELLORE,ARCOT,25.65,15.05,13.56,14.45,13.45,20.04,18.79,8.65,11.35,14.22,16.52,13.7,16.25,15.22,21.98,19.49,15.12,19.79
TAMILNADU,ARIYALUR,ARIYALUR,9.43,8.27,12.26,17.61,19.08,25.68,9.99,14.48,17.28,12.1,6.6,4.83,11.68,7.62,16.38,28.5,28.5,28.5
TAMILNADU,VIRUDUNAGAR,ARUPPUKKOTTAI,24.04,18.06,13.56,21.11,25.18,23.35,17.42,12.43,3.42,6.25,12.6,8.3,5.13,13.47,16.78,22.8,10.85,19
TAMILNADU,DINDIGUL,ATTUR,26.81,28.79,26.89,44.36,17.69,29.99,20.49,23.81,37.64,35.15,77.8,26.1,43.35,76.92,77.39,32.51,30.71,77.36
TAMILNADU,TIRUPPUR,AVANASHI,39.92,47.81,45.02,40.53,51.16,65.35,81.58,72.31,62.16,64.7,72.07,58.02,58.69,75.92,86.54,75.04,54.41,64.2
TAMILNADU,PUDUKKOTTAI,AVUDAYARKOIL,2.54,2.05,2.62,3.31,4.24,2.98,2.26,1.21,2.26,2.18,1.95,2.36,2.96,3.59,4.61,3.12,4.33,5.01
TAMILNADU,SALEM,AYODHIAPATTINAM,26.82,17.49,23.12,24.82,20.94,30.19,11.17,9.5,16.04,17.84,26.46,20.49,15.89,18.99,20.14,20.49,14.62,16.25
TAMILNADU,KRISHNAGIRI,BARGUR,19.78,21.59,20.57,20.64,22.51,20.01,13.11,15.41,10.67,10.67,10.67,24.91,19.11,28.51,26.31,10.67,10.67,0
TAMILNADU,ERODE,BHAVANI,29.32,31.61,51.12,66.2,75.75,38.08,27.4,21.22,21.1,28.71,37.8,27.44,32.93,54.58,61.4,51.84,43.67,67.27
TAMILNADU,ERODE,BHAVANISAGAR,23.25,24.16,30.51,38.14,33.46,15.23,17.37,26.32,17.37,20.47,26.82,16.74,16.9,18.6,22.19,19.89,23.15,37.62
TAMILNADU,CUDDALORE,BHUVANAGIRI,20.16,47.91,50.88,59.75,59.92,73.34,63.7,45.21,61.56,50.75,71.33,72.58,72.09,50.59,21.64,17.06,41.91,35.57
TAMILNADU,THENI,BODINAYAKANUR,7.07,6.33,7.92,9.84,11.23,4.78,5.93,7.59,5.21,8.77,6.92,4.17,3.67,6.63,10.53,5.61,7.6,10.12
TAMILNADU,THANJAVUR,BUDALUR,5.68,6.36,14.84,9.03,5.89,8.53,11.4,2.78,8.54,8.03,8.21,9.94,7.79,10.06,12.03,10.85,8.4,12.9
TAMILNADU,MADURAI,CHELLAMPATTI,30.28,33.37,32.77,34.26,45.83,30.97,31.12,31.5,31.08,7.1,85.97,88.55,59.1,159.75,153.4,125.8,109.5,164.2
TAMILNADU,TIRUVANNAMALAI,CHENGAM,41.02,32.77,35.01,41.59,30.1,32.17,27.27,26.92,30.6,32.23,34.02,30.37,19.06,28.85,33.08,31.2,27.34,34.45
TAMILNADU,CHENNAI,CHENNAI,68.92,85.36,67.66,67.29,89.8,103.01,65.42,39.59,50.46,61.51,51.7,41.09,52.74,68.46,72.32,71.1,54.82,73.62
TAMILNADU,ERODE,CHENNIMALAI,17.69,28.24,21.78,32.8,31.72,18.24,17.89,13.83,12.27,14.88,13.61,9.85,11.24,22.77,21.65,19.19,18.08,33.68
TAMILNADU,TIRUNELVELI,CHERANMADEVI,7.05,3.73,2.77,4.03,4.15,2.87,3.57,5.93,1.7,1.5,1.06,5.71,3.13,3.03,2.73,2.15,0.75,0.85
TAMILNADU,TIRUVANNAMALAI,CHETPET,9.49,10.91,8.21,23.65,8.25,4.8,3.99,1.95,4.09,5.55,8.35,3.76,6.7,3.35,15.45,13.78,8.6,15.53
TAMILNADU,TIRUVANNAMALAI,CHEYYAR,5.44,6.44,4.3,4.34,2.35,3.69,4.09,3.44,2.94,4.25,5.6,3.51,4.09,3.99,1.99,5.6,2.32,4.24
TAMILNADU,VILUPPURAM,CHINNA SALEM,8.15,8.51,8.83,10.5,2.31,6.4,5.92,3.5,6.3,8.55,7.48,6.54,10.6,7.15,9.65,5.87,8.47,9.73
TAMILNADU,THENI,CHINNAMANUR,5.63,8.97,3.97,9.44,7,7.25,5.63,3.25,3.03,3.22,4.67,4.37,4.87,8.45,6.04,3.07,2.6,8.42
TAMILNADU,KANCHEEPURAM,CHITHAMUR,4.7,2.75,7.08,7.2,7.26,5.9,6.62,3.7,1.35,1.68,5.89,6.32,1.65,7.73,7.52,7.56,7.75,9.9
TAMILNADU,COIMBATORE,COIMBATORE SOUTH,25.22,43.1,45.65,53.5,86.42,46.15,23.13,16.01,17.43,29.53,24.98,20.4,23.63,39.29,45.6,36.71,38.42,78.8
TAMILNADU,THE NILGIRIS,COONOOR,6.75,5.52,6.48,4.7,4.73,5.18,4.46,1.11,3.55,5.57,6.02,5.19,7.31,4.53,5.53,4.35,6.44,6.67
TAMILNADU,CUDDALORE,CUDDALORE,35.29,38.85,40.21,60.29,56.37,66.19,50.7,47.07,45.09,47.05,38.04,68.86,88.83,75.5,82.5,84.21,29.28,28.97
TAMILNADU,SIVAGANGA,DEVAIKKOTTAI,4.46,5.11,4.73,6.21,8.61,5.19,4.51,5.81,1.71,5.08,5.46,4.53,6.29,7.21,5.93,4.87,6.21,8.62
TAMILNADU,TIRUPPUR,DHARAPURAM,18.56,23.24,26.32,32.41,35.05,19.02,18.15,11.93,17.99,18.96,25.01,15.19,25.5,25.14,57.29,18.1,30.82,76.35
TAMILNADU,DHARMAPURI,DHARMAPURI,30.27,35.94,55.65,66.32,61.04,105.92,71.97,77.54,53.35,53.5,58.12,25.85,48,55.57,57.92,42.12,43.54,40.98
TAMILNADU,DINDIGUL,DINDIGUL,72.01,59.57,66.98,40.86,51.43,46.13,39.23,28.48,31.95,27.14,48.29,25.59,34.54,46.04,87.75,44.66,47.58,89.65
TAMILNADU,SALEM,EDAPPADI,20.47,27.67,26.43,15.97,26.25,24.15,17.36,22.84,19.42,19.77,20.94,22.39,18.76,24.99,23.99,25.69,25.69,19.95
TAMILNADU,NAMAKKAL,ELAICHIPALAYAM,12.4,11.81,18.27,15.43,11.13,24.01,6.33,4.55,9.48,10.03,16.93,8.83,10.93,17.33,15.51,12.43,12.03,20.23
TAMILNADU,ERODE,ERODE,11.77,12.03,11.26,13.21,13.04,8.95,9.84,7.34,16.54,12.05,15.23,12.89,11.29,14.19,16.82,12.09,14.23,20.21
TAMILNADU,PUDUKKOTTAI,GANDARVAKKOTTAI,5.03,12.1,8.99,18.66,6.42,12.38,10.8,7.2,8.1,9.73,9.95,11.2,12.7,15.1,12.23,12.03,12.94,15.89
TAMILNADU,SALEM,GANGAVALLI,22.83,17.97,23.45,49.45,107.22,35.86,24.32,18.93,13.27,11.72,21.5,19.67,35.47,33.6,49.65,48.69,30.26,60.19
TAMILNADU,VILUPPURAM,GINGEE,10.3,12.19,10.1,20.84,17.12,16.08,9.05,9.28,4.31,8.27,14.76,10.78,13.69,15.4,17.67,10.77,7.71,14.07
TAMILNADU,ERODE,GOBICHETTIPALAYAM,17.09,15.38,16.72,20.01,19.03,14.82,9.19,10.73,4.69,5.86,7.78,3.11,7.56,8.01,13.87,17.26,17.02,21.26
TAMILNADU,THE NILGIRIS,GUDALUR,20.16,19.74,32.37,21.58,16.3,16.58,17.32,12.87,13.75,18.73,16.97,17.11,25.3,19.67,19.57,19.12,4.04,4.98
TAMILNADU,TIRUPPUR,GUDIMANGALAM,20.7,22.55,23.94,24.07,25.09,20.84,19.85,22.27,20.76,23.83,24.95,23.55,20.9,31.13,31.08,23.65,20.5,28.78
TAMILNADU,VELLORE,GUDIYATHAM,18.33,21.64,25.39,27.18,24.65,57.65,25.85,23.55,50.5,49.95,49.1,7.5,34.75,26.45,29.5,22.95,22.95,0
TAMILNADU,THIRUVALLUR,GUMMIDIPOONDI,8.47,11.6,6.61,9.7,12.17,10.58,11.12,8.63,9.92,11.3,13.56,6.79,7.92,12.1,12.26,10.92,11.33,10.37
TAMILNADU,DINDIGUL,GUZILIAMPARAI,7.26,22.35,30.85,33.73,35.49,28.32,10.54,13.78,14.95,13.11,22.93,16.63,15.58,20.63,28.36,14.04,21.68,27.88
TAMILNADU,DHARMAPURI,HARUR,50.94,52.87,50.11,77.85,55.67,81.19,36.43,28.63,50.61,60.06,67.66,51.41,45.63,42.08,65.33,74.43,71.73,59.45
TAMILNADU,KRISHNAGIRI,HOSUR,21.12,11.56,20.23,20.27,32.36,22.2,26.9,26.25,29.8,17.5,20.25,22.1,33.9,19.6,19.48,16.56,18.96,19.01
TAMILNADU,SIVAGANGA,ILAYANKUDI,4.55,5.47,6.1,6.24,5.45,5.25,4.2,5.8,3.7,5.4,4.61,2.5,4.2,4.65,5.25,4.7,4.51,6.24
TAMILNADU,TIRUVANNAMALAI,JAWATHU HILLS,26.5,11.8,15.1,21.51,75,75.8,81.6,76.7,12.85,2.27,5.9,10.4,13.35,9.75,18.25,18.25,13.7,8.47
TAMILNADU,ARIYALUR,JAYANKONDAM,11.5,9.81,6.15,10.35,2.75,47.72,47.28,46.11,58.51,60.05,62.56,58.7,58.7,13.48,16.56,16.81,14.29,12.35
TAMILNADU,VELLORE,JOLARPET,10.82,12.33,9.41,11.06,13.5,13.5,8.6,10.9,13.5,13.5,13.5,0,0,0,0,0,0,0
TAMILNADU,KARUR,K.PARAMATHY,4.05,6.62,6,9.43,8.52,9.78,2.86,2.48,3.21,3.48,2.23,3.38,2.52,5.74,6.72,2.16,2.3,5.38
TAMILNADU,VELLORE,K.V. KUPPAM,28.61,24.67,37.08,35.22,31.12,36.89,33.44,34.01,34.59,65.39,35.5,29.95,34.54,39.99,37.72,35.22,32.41,37.24
TAMILNADU,NAMAKKAL,KABILAMALAI,9.36,6.47,11.1,15.8,13.6,10.25,10.43,5.34,6.61,7.95,8.69,8.15,8.64,7.32,11.17,6.8,9.3,16.19
TAMILNADU,RAMANATHAPURAM,KADALADI,7.54,6.91,7.29,10.81,10.86,5.77,7.82,8.25,4.1,5.38,6.84,4.35,5.7,7.98,8.45,7.31,6.68,12.23
TAMILNADU,THIRUVALLUR,KADAMBATTUR,5.41,9.2,7.99,11.12,13.1,10.69,7.14,3.66,7.5,8.06,4.35,6.88,32.13,12.55,7.85,5.14,6.46,6.88
TAMILNADU,KARUR,KADAVUR,7.25,7.25,0,0,0,8.46,5.26,9.05,8.65,11.15,12.55,5.8,7.51,5.15,14.74,11.66,9.1,14.3
TAMILNADU,TIRUNELVELI,KADAYAM,12.77,9.51,17.09,15.42,12.1,4.1,11.05,0.69,5.35,6,4.33,7.3,10.44,10.88,8.96,8.96,9.58,13.62
TAMILNADU,SALEM,KADAYAMPATTI,25.12,19.98,13.16,67.6,40.02,49.81,15.6,8.42,13.38,27.37,46.72,11.05,21.8,33.1,68.06,16.9,20.4,35.76
TAMILNADU,TIRUNELVELI,KADAYANALLUR,9.1,9.03,20.02,19.84,18.87,14.04,9.46,1.95,5.99,14.63,9.87,17.19,11.28,11.9,12.87,8.46,5.87,24.04
TAMILNADU,TIRUNELVELI,KALAKKAD,16.35,15.95,16.62,24.8,22.86,13.46,17.58,15.61,10.84,18.86,18.98,21.38,24.42,26.57,19.29,7.84,17.34,43.18
TAMILNADU,KANYAKUMARI,KALKULAM,72.54,81.25,69.37,84.89,87.54,71.84,76.3,42.84,70.38,81.15,75.44,63.98,73.49,87.2,46.26,39.77,40.04,42.58
TAMILNADU,VILUPPURAM,KALLAKKURICHI,22.34,20.49,24.76,48.95,18,26.37,24,11.93,21.57,26.35,29.3,17.65,19.3,28.67,28.03,21.87,19.39,31.84
TAMILNADU,MADURAI,KALLLIKUDI,39.52,46.35,47.57,44.54,55.45,39.92,45.79,45.47,46.12,2.15,56.92,53.82,45.27,64.67,89.67,60.24,60.14,73.25
TAMILNADU,CUDDALORE,KAMMAPURAM,50.3,45.64,18.6,52.9,51.2,53.16,50.84,51.16,48.42,88.75,59.2,99.7,57.36,59.1,58.44,153.26,152.9,152.97
TAMILNADU,RAMANATHAPURAM,KAMUTHI,107.55,90.93,102.64,102.05,118.12,115.27,109.26,110.4,96.35,116.04,114.52,63.26,48.3,69.18,65.1,65.08,66.39,78.4
TAMILNADU,KANCHEEPURAM,KANCHEEPURAM,16.73,13.54,16.05,20.65,10.65,13.01,10.62,5.33,10.5,12.73,16.33,16.09,14.34,16.68,22.43,17.09,10.73,14.08
TAMILNADU,VELLORE,KANDILI,46.04,59.36,48.13,51.49,76.63,88.31,53.56,58.81,64.23,63.16,67.92,48.56,53.91,64.76,66.72,72.52,64.38,69.57
TAMILNADU,TIRUPPUR,KANGEYAM,13.63,20.94,29.84,30.87,35.46,27.22,15.77,17.95,12.84,19.01,22.93,16.47,19.76,37.12,30.29,21.02,23.52,41.23
TAMILNADU,SIVAGANGA,KARAIKUDI,15.26,14.25,14.86,17.93,30.38,15.17,12.71,10.56,12.21,14.59,11.11,11.53,11.36,14.92,22.09,17.51,13.21,17.29
TAMILNADU,COIMBATORE,KARAMADAI,37.65,41.39,43.97,41.52,40.54,53.46,47.41,61.64,47.74,18.73,26.05,25.34,32.64,29.94,38.14,30.13,27.28,29.4
TAMILNADU,PUDUKKOTTAI,KARAMBAKKUDI,7.13,6.85,6.63,10.36,8.27,8.82,7.65,0.85,4.4,1.08,9.5,6.54,12.76,14.55,7.78,10.05,8.77,10.75
TAMILNADU,VIRUDUNAGAR,KARIAPATTI,34.58,38.26,37.58,43.1,49.55,43.54,35.75,22.63,8.2,15.02,23.82,28.9,20.4,29.77,32.26,26.55,18.62,28.37
TAMILNADU,DHARMAPURI,KARIMANGALAM,4.7,8,10.34,13.83,12.68,14.58,6.43,5.06,8.93,7.63,14.38,3.18,8.78,14.18,14.58,9.7,10.98,14.5
TAMILNADU,THOOTHUKKUDI,KARUNKULAM,35.16,23.19,31.78,29.1,37.67,17.65,17.65,4.14,10.4,10.94,12.89,11.42,19.57,12.56,29.17,8.69,7.06,20.35
TAMILNADU,KARUR,KARUR,6.25,4.01,4.77,4.36,3.16,5.41,3.17,2.02,2.02,2.02,0,0,2.55,2.55,2.55,4.38,2.85,2.85
TAMILNADU,VELLORE,KATPADI,29.7,16.75,14.6,6.12,17.53,26.9,18.4,15.4,18.6,19.3,16.33,15.49,16.24,23.61,21.91,17.08,9.47,9.6
TAMILNADU,KANCHEEPURAM,KATTANKOLATTUR,14.74,19.3,16.59,20.58,23.66,23.16,19.05,5.1,18.12,22.02,20.6,19.31,11.8,18.44,21.7,22.52,13.9,19.8
TAMILNADU,CUDDALORE,KATTUMANNARKOIL,29.28,30.88,37.35,40.29,34.53,37.48,40.18,35.78,35.69,1.9,6.25,34.15,78.17,39.42,30.9,3.57,5.55,3.03
TAMILNADU,VELLORE,KAVERIPAKKAM,15.49,15.77,26.11,37.2,25.13,32.92,18.92,18.82,8.97,8.37,12.47,10.12,11.47,10.87,8.85,14.85,15.5,17.3
TAMILNADU,THOOTHUKKUDI,KAYATHARU,33.95,47.62,53.17,61.27,71.86,27.34,30.92,17.26,31.1,34.36,34.25,36.16,29.42,47.79,48.38,24.59,14.41,35.94
TAMILNADU,NAGAPPATTINAM,KEELAIYUR,2.16,1.95,2.12,1.21,3.05,0.22,2.17,2.02,1.91,1.62,2.12,2.02,3.22,2.42,2.39,1.8,0.2,0.2
TAMILNADU,CUDDALORE,KEERAPALAYAM,2.06,1.22,1.91,2.46,1.55,2.54,3.04,1.68,0.94,1.1,16.5,19.91,14.62,8.97,8.94,4.82,1.24,5.4
TAMILNADU,KRISHNAGIRI,KELAMANGALAM,22.01,24.99,28.67,35.34,32.08,29.01,25.56,22.65,24.71,20.56,23.2,20.59,54.53,58.21,59.61,51.69,20.38,31.75
TAMILNADU,NAGAPPATTINAM,KILVELUR,6.12,4.8,0.9,4.42,5.47,2.04,14.07,7.03,12,12,10.36,3.66,3.66,3.66,3.96,2.4,4.23,5.35
TAMILNADU,COIMBATORE,KINATHUKADAVU,50.83,80.27,72.04,79.33,85.71,67.84,59.81,21.4,6.72,9.66,9.1,5.5,5.5,28.45,31.99,27.36,25.21,26.82
TAMILNADU,DINDIGUL,KODAIKANAL,9.15,8.95,7.01,9.9,9.59,8.87,7.36,1.87,7.66,10.29,7.44,7.49,7.39,9.14,7.37,6.44,7.54,7.84
TAMILNADU,TIRUVARUR,KODAVASAL,0,0,0,0,0,0,0.91,1.3,2.85,1.2,1.1,0.8,0.8,6.1,1.2,1.2,1.2,0
TAMILNADU,ERODE,KODUMUDI,18.47,20.33,32.95,34.03,34.84,20.27,17.62,15.89,28.89,30.92,26.85,23.19,35.1,43.09,41.89,27.52,23.59,29.36
TAMILNADU,SALEM,KOLATHUR,35.38,34.73,37.79,36.4,39.2,51.06,34.37,34.75,31.65,32.81,38.16,26.84,33.16,28,35.47,25.95,17.12,32.31
TAMILNADU,NAGAPPATTINAM,KOLLIDAM,3.43,3.48,3.65,4.5,5.22,4.35,3.81,1.35,3.1,3.42,3.65,3.42,3.55,4.67,2.6,4.67,3.45,4.67
TAMILNADU,CUDDALORE,KOMARATCHI,3.76,3.49,3.68,4.56,3.25,4.9,4.25,1.8,3.9,4.2,1.6,4.92,3.75,5.88,4.96,5.38,5.38,5.44
TAMILNADU,THE NILGIRIS,KOTAGIRI,17.25,17.35,17.15,17.92,17.4,17.4,17.06,16.56,15.46,17.4,18.1,5.7,18.25,18.1,17.46,15.51,16.6,5.35
TAMILNADU,MADURAI,KOTTAMPATTI,28.55,31.24,34.73,38.23,43.05,32.38,33.98,33.98,33.98,0,18.78,18.33,20.93,37.28,42.38,42.02,43.68,44.91
TAMILNADU,THOOTHUKKUDI,KOVILPATTI,16.47,20.74,32.97,27.72,30.63,17.71,12.76,8.3,6.45,12.77,23.36,16.49,19.53,25.78,32.58,24.87,21.79,30.88
TAMILNADU,KRISHNAGIRI,KRISHNAGIRI,83.48,85.74,74.56,140.59,159.72,175.72,65.5,65.56,172.39,177.5,143.52,127.85,137.66,105.53,122.23,138.02,96.27,110.38
TAMILNADU,KARUR,KRISHNARAYAPURAM,6.44,7.44,8.84,8.45,8.7,8.14,6.15,6.58,6.04,3.27,3.39,5.14,3.79,5.74,10.54,8.45,7.8,9.05
TAMILNADU,PUDUKKOTTAI,KULATHUR,6.96,8.63,12.26,18.29,19.95,20.09,9.1,10.79,5.4,8.4,11.59,11.96,11.53,19.14,19.47,16.31,14.45,22.4
TAMILNADU,THANJAVUR,KUMBAKONAM,9.58,13.43,10.71,14.49,13.02,14.09,11.35,9.15,13.81,14.6,13.28,13.28,9.5,19.17,13.2,12,9.98,15.67
TAMILNADU,TIRUPPUR,KUNDADAM,13.62,13.22,17.81,18.34,28.65,34.77,20.26,44.68,37.34,30.91,30.6,26.66,7.14,9.09,10.24,7.59,8.69,10.38
TAMILNADU,KANCHEEPURAM,KUNDRATHUR,14,12.13,14.82,15.96,9.39,9.63,8.63,4.87,6.4,9.4,8.52,8.27,8.1,6.86,10.32,10.92,6.54,9.75
TAMILNADU,PUDUKKOTTAI,KUNNANDARKOVIL,7.99,11.23,11.96,16.79,13.42,14.71,11.91,15.02,12,12.04,17.11,14.8,17.1,6.62,26.15,13.7,25.79,28.5
TAMILNADU,CUDDALORE,KURINJIPADI,68.6,76.35,93.08,96.64,76.78,91.98,87.37,60.85,107.27,110.98,125.65,131.17,87,70.81,95.5,152.33,163.49,135.69
TAMILNADU,TIRUNELVELI,KURIVIKULAM,7.95,5.38,9.4,7.6,11.81,6.2,9.26,0.54,7.85,4.61,5.67,7.5,7.95,7.22,10.8,8.2,7.48,11.65
TAMILNADU,NAGAPPATTINAM,KUTHALAM,0,0,0,0,0,0,0,0,19.6,21,18.24,19.3,19.3,19.74,22.4,16.02,16.5,33.3
TAMILNADU,TIRUCHIRAPPALLI,LALGUDI,2.11,2.38,1.86,3.43,3.4,2.18,1.98,1.45,2.4,2.15,2.25,2.38,2.45,3.75,3.48,1.97,1.97,1.97
TAMILNADU,TIRUPPUR,MADATHUKULAM,10.25,10.56,11.21,14.92,16.31,10.41,10.76,7.72,9.5,12.09,15.07,10.9,10.61,15.9,20.15,5.28,12.37,22.58
TAMILNADU,VELLORE,MADHANUR,27.75,29.08,27.16,31.05,32.87,60.98,52.73,42.58,47.93,49.54,52.88,29.82,30.47,28.81,47.41,35.96,30.45,35.25
TAMILNADU,THANJAVUR,MADUKKUR,2.56,3.03,5.1,2.04,5.8,5.95,0.99,0.99,0.99,2.15,2.15,2.85,2.85,2.85,0,0,0,0
TAMILNADU,MADURAI,MADURAI EAST,24.37,21.55,34.87,44.46,43.92,28.66,35.31,34.05,33.25,9,32.4,33.44,25.42,45.05,53.33,40.02,37.23,54.11
TAMILNADU,MADURAI,MADURAI NORTH,11,9.24,9.48,12.8,12.65,14,10.8,10.8,4.7,0,5.65,6.3,2.45,7.45,6,6.8,7.5,8.2
TAMILNADU,MADURAI,MADURAI SOUTH,29.4,30.2,50.35,60.64,65.37,52.01,52.74,51.15,36.11,11.47,39.22,37.46,32.4,61.99,74.49,64.98,60.59,52.95
TAMILNADU,MADURAI,MADURAI WEST,10.05,14.25,14.5,13.46,15.43,8.13,12.97,11.13,12.08,6.4,20.83,18.02,11.87,21.28,20.74,17.33,20.36,25.86
TAMILNADU,KANCHEEPURAM,MADURANTHAKAM,24.21,24.06,23.81,35.47,19.71,28.83,24.88,16.98,14.38,22.25,21.04,22.25,25.77,12.35,25.45,23.28,10.91,22.96
TAMILNADU,VILUPPURAM,MAILAM,5,5.83,7.25,7.16,2.91,6.81,4.11,0.79,0.62,0.62,0.62,0,0,0,0,4.58,4.58,4.58
TAMILNADU,NAMAKKAL,MALLASAMUDRAM,28.14,27.13,29.24,38.51,29.88,32.27,13.55,8.5,18.8,22.15,42.94,11.43,21.26,24.76,43.48,30.78,34.33,26.43
TAMILNADU,TIRUCHIRAPPALLI,MANACHANALLUR,21.2,23.63,23.25,28.66,25.43,19.41,19.37,13.85,26.83,19.44,14.92,12.85,21.09,29.95,26.25,29.51,19.2,34.9
TAMILNADU,SIVAGANGA,MANAMADURAI,15.6,17,16.84,17.54,18.45,17.72,16.81,17.36,12.59,15.59,19.45,14.59,16.33,19.81,27.84,20.59,23.09,30.35
TAMILNADU,PUDUKKOTTAI,MANAMELKUDI,4.12,5.11,5.2,6.69,5.15,5.59,5.95,3.28,2.55,5.15,7.79,6,7.93,4.82,6.06,4.73,4.28,7.83
TAMILNADU,TIRUCHIRAPPALLI,MANAPPARAI,10.31,12.21,13.7,13.71,13.62,13.04,9.26,10.4,13.18,15.26,22.99,14.74,14.55,24.5,27.08,18.74,20.88,28.06
TAMILNADU,RAMANATHAPURAM,MANDAPAM,14.47,12.48,13.22,10.58,6.02,10.74,16.37,6.73,12.8,6.93,13.72,11.3,12.52,13.91,13.85,11.79,13.21,16.84
TAMILNADU,CUDDALORE,MANGALUR,13.33,13.18,13.8,18.51,13.5,14.7,12.82,9.79,8.04,12.95,9.35,9.48,12.94,17.92,12.7,12.68,11.42,11.5
TAMILNADU,TIRUVARUR,MANNARGUDI,17.24,14.64,19.92,19.06,15.42,19.88,20.05,8.53,12.54,17.19,16.74,10.94,17.29,17.24,14.29,14.29,14.29,18.5
TAMILNADU,TIRUNELVELI,MANUR,24.39,16.69,34.1,26.87,26.82,16.48,15.59,2.83,8,13.38,9.49,19.72,21.04,18.62,20.18,5.01,7.17,20.11
TAMILNADU,KANCHEEPURAM,MARAKKANAM,18.91,23.37,24.88,30.45,24.79,29.13,19.57,12.48,15.41,17.58,18.7,19.24,21.19,21.77,25.3,30.43,20.05,30.11
TAMILNADU,TIRUCHIRAPPALLI,MARUNGAPURI,9.9,10.72,8.6,11.14,10.87,6.67,8.25,8.25,1.75,4.16,4.26,4,4.6,8.17,8,15.07,16.43,12.13
TAMILNADU,KRISHNAGIRI,MATHUR,22.05,19.91,17.03,21.79,23.8,17.85,11.6,11.45,12.9,49.42,16.2,15.1,15,10.4,19.05,11.45,10.73,21.8
TAMILNADU,NAGAPPATTINAM,MAYILADUTHURAI,3.68,3.94,5.01,5.01,5,5.98,4.56,1.16,2.56,1.6,4.11,5.58,3.86,5,3.86,1.08,3.71,4.5
TAMILNADU,SALEM,MECHERI,4.63,8.48,14.03,24.83,11.23,9.9,7.73,6.48,7.26,7.38,7.42,6.28,10.43,12.73,13.63,9.16,9.16,15.56
TAMILNADU,TIRUNELVELI,MELANEELITHANALLUR,5.33,7.56,7.35,11.25,11.41,7.45,7.08,0.27,2.65,5.65,6.85,17.45,4.97,12.36,10.65,5.4,4.56,11.41
TAMILNADU,VILUPPURAM,MELMALAYANUR,15.59,12.02,6.84,23.83,15.05,18.8,16.11,11.07,6.87,5.3,16.63,3.62,11.15,13.8,10.67,9.45,10.67,3.35
TAMILNADU,MADURAI,MELUR,49.45,56.27,63.17,71.87,98.45,48.37,58.88,55.91,49.18,18.19,64.69,54.29,65.83,115.18,147.07,98.96,106.07,129.78
TAMILNADU,SALEM,METTUR,24.67,16.59,42.18,45.63,34.69,43.02,30.09,35.35,20.26,27.9,37.47,21.23,26.68,38.05,42.79,32.2,16.4,37.06
TAMILNADU,THIRUVALLUR,MINJUR,2.7,3.61,2.73,3.34,3.75,6.59,5.34,1.19,3.84,5.16,3.94,2.81,3.2,3.94,4.35,2.53,2.76,4.21
TAMILNADU,ERODE,MODAKURICHI,6.29,6.82,4.91,18.84,11.39,8.82,5.84,2.48,2.69,16.28,4.19,3.52,9.74,11.79,13.39,6.09,9.24,14.09
TAMILNADU,NAMAKKAL,MOHANUR,3.36,2.6,3.12,4.45,3.01,2.77,2.77,1.4,2.14,2.65,3.3,2.5,3.2,3.2,4.2,4.4,4.4,5.33
TAMILNADU,DHARMAPURI,MORAPPUR,20.84,36.32,38.22,60.92,36.57,34.57,18.67,14.37,26.17,34.85,38.87,21.54,27.92,33.42,35.94,30.72,25.14,49.71
TAMILNADU,RAMANATHAPURAM,MUDUKULATHUR,10.05,9.9,9.87,7.71,10.55,10.27,11.35,12.05,7.65,14.06,13.19,12.63,12.87,16.04,7.78,10.97,12.23,15.95
TAMILNADU,VILUPPURAM,MUGAIYUR,7.09,6.87,10.19,10.19,8.99,6.64,4.33,0.84,5.34,7.04,5.54,2.39,4.99,5.99,6.91,4.93,4.2,5.58
TAMILNADU,TIRUPPUR,MULANUR,15,15.26,29.04,27.24,29.02,31.69,12.23,14.16,8.47,9.67,17.07,9.11,14.34,26.43,17.54,6.59,14.09,43.11
TAMILNADU,TIRUCHIRAPPALLI,MUSIRI,13.31,16.94,16.98,19.75,15.43,13.69,11.38,9.87,12.02,10.32,12.39,7.69,12.16,14.43,17.52,13.8,11.83,59.35
TAMILNADU,TIRUVARUR,MUTHUPET,9.1,9.02,9.73,10.92,8.03,13.92,7.19,4.23,4.98,5.48,5.48,8.3,9.88,11.23,9.48,9.48,3.72,5.2
TAMILNADU,NAGAPPATTINAM,NAGAPATTINAM,0,0,0,0,0,2.8,7.46,6.38,6.07,4.72,7.23,5.45,5.45,9.59,10.03,7.01,8.14,11.12
TAMILNADU,DHARMAPURI,NALLAMPALLI,7.58,6.88,9.55,15.57,11.79,11.89,6.17,7.4,4.95,7.4,11.15,4.35,6.4,6.4,25.8,10.91,7.35,9.05
TAMILNADU,CUDDALORE,NALLUR,13.98,12.3,14.1,19.19,10.02,8.9,8.35,7.82,8.81,8.57,8.9,6.11,7.27,5.44,9.77,8.32,6.37,13.89
TAMILNADU,NAMAKKAL,NAMAGIRIPETTAI,95.13,106.02,141.13,157.69,207.04,209.69,162.47,165.67,64.26,76.67,89.44,53.75,76.23,90.19,113.12,107.41,95.64,91.47
TAMILNADU,NAMAKKAL,NAMAKKAL,24.71,22.89,20.97,41.07,22.97,26.3,16.82,15.23,23.71,21.61,40.53,32.52,32.77,41.57,8.26,11.92,14.27,23.39
TAMILNADU,ERODE,NAMBIYUR,33.25,27.11,35.51,37.49,31.19,36.38,3.48,3.72,5,13.4,15.1,15.1,13.85,13.85,58.46,23.9,21.2,46.73
TAMILNADU,TIRUNELVELI,NANGUNERI,35.91,31.37,36.35,14.39,20,16.9,10.99,16.16,8.08,9.35,9.68,13.45,6.94,11.79,24.57,5.75,7.76,32.35
TAMILNADU,TIRUVARUR,NANNILAM,5.78,6.18,3.73,6.26,5.99,6.28,6.41,2.2,5.25,5.65,6.1,5.25,6.4,9.59,6.8,6.8,6.8,8.55
TAMILNADU,DINDIGUL,NATHAM,18.35,20.94,20.45,15.64,32.93,19.61,14.88,8.74,17.91,18.7,11.22,7.8,8.35,12.19,14.34,14.25,15.73,16.3
TAMILNADU,VELLORE,NATRAMPALLI,13.17,10.42,11.26,13.15,14.55,14.55,11,9.45,15.68,15.68,15.68,0,0,0,0,0,0,0
TAMILNADU,TIRUVARUR,NEEDAMANGALAM,0.08,2.41,2.78,4.3,3.1,5.88,3.96,1.58,3.58,5.88,3.83,3.83,3.83,3.83,3.88,3.88,3.88,5.28
TAMILNADU,VELLORE,NEMILI,6.6,7.2,5.5,6,5.9,9.35,6.6,5.3,6.66,8.7,5.55,6.2,6.2,5.85,8.75,4.9,5.7,4.9
TAMILNADU,DINDIGUL,NILAKKOTTAI,6.88,9.4,14.28,13.32,15.85,14.85,13.1,14.9,14.9,15.13,15.1,7.08,6.18,8.95,14.9,12.2,12.47,14.9
TAMILNADU,DINDIGUL,ODDANCHATRAM,26.59,34.52,39.45,45.73,33.39,25.4,18.28,24.15,22.12,30.2,41.15,24.4,16.35,39.23,42.08,29.67,25.38,45.95
TAMILNADU,VILUPPURAM,OLAKKUR,12.2,6.01,11.03,15.08,8.35,10.03,9.05,7.6,5.65,9.85,9.06,8.23,8.65,6.89,9.93,10.08,6.24,12.09
TAMILNADU,SALEM,OMALUR,13.84,6.73,9.93,23.65,11.31,19.35,9.52,9.32,10.65,9.85,8.27,4.96,8.55,12.9,5.7,9.28,7.73,11.45
TAMILNADU,THANJAVUR,ORATHANADU,12.55,9.59,10.94,22.93,11.31,14.19,18.76,14.64,22.33,12.9,12.9,21.38,19.13,21.9,10.48,10.35,8.53,12.75
TAMILNADU,THOOTHUKKUDI,OTTAPIDARAM,33.47,20.65,29,32.84,27.36,27.35,23.86,8.82,12.3,10.7,11.31,12.18,12.37,12.72,18.52,10.7,9.21,16.8
TAMILNADU,DHARMAPURI,PALAKKODU,31.42,28.71,31.07,49.6,53.16,43.09,33.39,33.17,51.62,37.03,31.62,17.57,30.37,21.22,39.27,36.76,33.5,29.9
TAMILNADU,DINDIGUL,PALANI,13.79,16.2,17.44,15.67,28.79,8.37,14.37,11.01,11.09,13.28,19.55,22.89,10.54,17.11,17.95,5.48,6.33,11.28
TAMILNADU,TIRUNELVELI,PALAYAMKOTTAI,11.39,6.97,23.75,10.5,10.87,7.43,9.69,1.15,6.06,7.15,4.6,9.59,8.95,8.84,6.44,5.44,5.5,11.03
TAMILNADU,TIRUPPUR,PALLADAM,39.66,47.68,59.73,51.21,70.82,56.17,54.87,62.29,37.58,63,47.73,26.5,34.91,45.55,64.45,35.94,46.16,52.52
TAMILNADU,THIRUVALLUR,PALLIPATTU,12.34,9.32,8.4,19.44,7.94,17.9,10.3,8.4,5.17,8.4,10.3,6.9,7,7.4,7.12,6.94,6.94,6.94
TAMILNADU,SALEM,PANAIMARATHUPATTI,17.64,18.48,22.71,26.17,164.54,26.41,32.14,8.86,45.87,35.14,56.33,47.5,47.15,56.91,33.34,38.5,35.66,42.2
TAMILNADU,CUDDALORE,PANRUTI,34.09,58.74,66.89,67.95,58.25,69.84,67.79,36.14,2.31,20.5,40.95,47.18,45.18,38.39,34.39,13.1,10.99,10.99
TAMILNADU,THE NILGIRIS,PANTHALUR,2.62,3.45,3.68,4.45,2.67,4.07,3.84,1.3,2.74,5.15,4.67,4.95,5.79,6.75,4.34,2.5,2.82,6.01
TAMILNADU,THANJAVUR,PAPANASAM,6.61,6.59,6.1,6.31,5.82,4.46,6.07,1.63,3.66,5.5,5.52,6.66,6.53,7.71,4.2,3.72,4.45,5.3
TAMILNADU,TIRUNELVELI,PAPPAKUDI,4.47,2.02,1.57,2.35,1.35,2.03,2.98,3.08,1.75,2.34,2.12,2.6,5.92,1.65,1.15,1.83,1.87,4.15
TAMILNADU,RAMANATHAPURAM,PARAMAKUDI,20.87,22.96,24.86,27.99,25.07,29.55,31.86,33.59,25.67,10.12,11.01,7.3,10.83,11.7,12.6,11.96,5.66,7.51
TAMILNADU,NAMAKKAL,PARAMATHI-VELUR,13.49,8.22,14.01,18.55,19.55,12.37,6.75,5.11,17.65,16.37,23.63,20.53,22.54,18.36,19.3,20.6,14.7,19.53
TAMILNADU,CUDDALORE,PARANGIPETTAI,3.49,5.66,5.87,7.05,6.33,6.29,6.73,4.69,7.06,8.06,8.54,8.93,8.69,8.95,7.92,8.23,8.84,9.29
TAMILNADU,THANJAVUR,PATTUKKOTTAI,7.64,4.64,7.5,3.85,13.55,12.09,9.55,2.15,5.35,5.95,5.95,5.95,5.95,8,6.65,2.15,1.38,1.38
TAMILNADU,DHARMAPURI,PENNAGARAM,26.22,25.68,33.56,57.96,53.78,36.02,28.27,31.47,27.51,29.59,57.95,12.27,20.27,33.02,30.21,20.08,28.16,27.68
TAMILNADU,PERAMBALUR,PERAMBALUR,48.88,49.43,50.21,70.38,38.51,49.33,28.89,21.23,35.4,42.75,42.22,28.53,36.91,73.81,79.87,68.32,50.98,91.72
TAMILNADU,TIRUVANNAMALAI,PERANAMALLUR,7.4,9.01,5.6,13.22,10.02,6.98,3.6,2.5,4.7,7.12,7.93,5.1,5.1,5.1,0,0,16.6,16.6
TAMILNADU,THENI,PERIYAKULAM,2.7,3.85,8.8,9.04,9.04,9.04,9.04,0,0,2.5,4.1,6.05,1.65,9,10.8,2.91,3.15,10.5
TAMILNADU,COIMBATORE,PERIYANAICKENPALAYAM,90.44,89.44,94.66,106.34,143.22,142.18,150.96,175.4,95.21,88.25,142.2,124.9,130.3,123.25,147.96,139.83,148.63,170.46
TAMILNADU,VELLORE,PERNAMPATTU,9.9,12.65,6.55,12.87,12.94,36.05,62.99,52.4,62.05,75.46,61.72,47.29,46.94,48.78,58.5,67.74,46.92,41.73
TAMILNADU,ERODE,PERUNDURAI,31.92,36.45,46.36,65.31,58.74,59.07,45.6,36.09,30.88,34.68,33.46,27.68,27.28,38.78,55.78,41.65,37.68,41.08
TAMILNADU,SALEM,PETHANAICKENPALAYAM,7.74,5.45,7.66,43.4,26.5,27.4,6.88,6.31,6.16,4,19.47,6.4,8.4,9.1,24.7,22.6,13.8,26.43
TAMILNADU,COIMBATORE,POLLACHI,5.36,8.37,12.35,48.4,46.74,42.17,15.16,31.22,8.45,33.1,6.84,3.4,4.72,5.8,31.9,1.62,14.42,47.8
TAMILNADU,COIMBATORE,POLLACHI NORTH,62.24,80.76,98.38,95.85,174.92,157.71,111.54,107.18,46.09,46.97,53.05,40.62,36.72,67.16,55.96,41.88,50.31,56.21
TAMILNADU,TIRUVANNAMALAI,POLUR,8.88,6.58,5.93,7.48,7.48,19.29,8.61,7.89,8.5,20.23,26.5,21.48,17.78,22.78,27.48,24.3,26.93,26.29
TAMILNADU,TIRUPPUR,PONGALUR,19.6,24.64,32.1,29.64,60.97,54.79,51.02,52.57,15.25,19.1,23.26,8.45,9.85,23.12,24.09,17.66,24.07,25.16
TAMILNADU,PUDUKKOTTAI,PONNAMARAVATHI,3.91,4.95,6.38,8.83,10.3,5.75,1.9,4.65,3.1,3.32,3.94,3.17,3.5,3.4,7.2,8.52,8.52,10.18
TAMILNADU,THIRUVALLUR,PONNERI,6.28,6.58,2.05,6.35,6.68,6.42,5.58,3.04,3.15,3.15,3.15,0,0,0,0,0,0,0
TAMILNADU,KANCHEEPURAM,POONAMALLEE,12.47,13.29,11.48,14.82,13.77,13.45,7.14,7.36,7.6,7.58,4.52,11.89,8.8,11.3,13.86,13.43,9.98,13.1
TAMILNADU,NAMAKKAL,PUDUCHATRAM,40.47,30.89,38.52,64.9,105.05,99.92,24.67,26.04,55.75,61.78,92.62,17.4,18.98,22.9,13.21,17.59,17.59,9.68
TAMILNADU,PUDUKKOTTAI,PUDUKKOTTAI,18.46,19.95,15.52,25.27,24.91,20.61,19.09,16.65,18.9,19.86,23.37,21.38,19.71,25.52,30.77,26.92,25.13,30.23
TAMILNADU,THOOTHUKKUDI,PUDUR,24.31,20.9,18.93,22.57,23.76,26.38,20.52,20.32,8.44,8.49,13.11,12.04,15.77,22.82,22.75,20.28,17.15,30.58
TAMILNADU,TIRUCHIRAPPALLI,PULLAMPADI,5.06,5.04,5.71,9.06,5.5,11.12,8.85,7.45,10.05,10.79,14.27,7.6,7.16,13.21,17.58,13.71,17.82,17.05
TAMILNADU,THIRUVALLUR,PUZHAL,4.47,5.95,4.38,4.43,3.9,5.3,4.5,3.36,4.54,4.73,3.99,4.97,5.03,4.95,3.29,3.85,3.08,3.9
TAMILNADU,RAMANATHAPURAM,R.S. MANGALAM,3.4,2.95,1.93,3.05,3.99,0.87,1.85,1.07,1.25,1.87,2.63,1.75,3.45,3.03,2.17,1.34,3.08,3.92
TAMILNADU,TIRUNELVELI,RADHAPURAM,23.83,43.69,41.38,47.97,39.2,34.49,35.45,29.74,13.63,17.18,26.13,22.7,21.2,30.37,35.93,17.88,15.7,41.1
TAMILNADU,KANYAKUMARI,RAJAKKAMANGALAM,4.67,3.82,4.54,2.7,3.8,2.76,5.27,2.07,3.3,3.8,3.46,3.4,3.75,2.09,2.79,3.1,1.34,4.17
TAMILNADU,VIRUDUNAGAR,RAJAPALAYAM,12.51,19.17,19.63,14.33,26.79,16.51,13.04,11.15,9.32,9.32,22.55,19.48,9.77,9.77,39,23.57,16.48,28.89
TAMILNADU,NAMAKKAL,RASIPURAM,28.62,21.15,29.86,36.18,32.32,31.57,10.03,7.24,10.78,14.95,18.18,7.36,12.06,13.51,29.76,24.81,20.21,31.49
TAMILNADU,DINDIGUL,REDDIYARCHATTIRAM,15.96,28.65,35.74,37.73,39.76,20.24,14.61,24.63,16.97,19.1,33.76,18.25,15.57,25.69,29.14,28.84,31.79,41.3
TAMILNADU,SALEM,SALEM,14.1,11.16,14.84,16.75,12.76,17.75,28.06,18.77,30.5,30.97,35.82,25.32,24.37,33.32,43.27,26.78,25.68,28.21
TAMILNADU,TIRUNELVELI,SANKARANKOIL,7,7.19,9.46,5.37,9.05,11.56,5.83,1.93,3.55,9.16,7.75,10.24,8.54,13.3,14.4,1.3,5.66,13.9
TAMILNADU,TIRUNELVELI,SANKARANKOIL_1109,1.82,2.74,3.24,1.32,2.23,1.38,0.95,0.45,0.78,3.13,0.98,3.68,2.83,3.33,4.23,0.53,1.12,4.93
TAMILNADU,VILUPPURAM,SANKARAPURAM,17.65,14.97,22.57,51.37,7.45,15.59,16.69,7.48,12,6.95,19.19,12.64,20.7,19.57,29.73,17.61,22.68,29.63
TAMILNADU,SALEM,SANKARI,21.05,25.11,34.11,23.61,28.14,12.71,16.73,15.97,16.2,19.45,23.44,10.8,15.45,22.1,31.71,15.12,10.06,39.96
TAMILNADU,COIMBATORE,SARCARSAMAKULAM,72.19,74.36,81.89,96.91,101.04,101.41,76.13,76.78,54.07,72.07,66.21,64.05,53.01,58.01,65.53,57.46,54.15,94.55
TAMILNADU,THOOTHUKKUDI,SATHANKULAM,24.01,25.75,27.23,28.94,30.68,19.36,5.91,6.03,6.37,9.89,9.94,11.45,9.86,7.9,14.46,5.37,8.03,21.09
TAMILNADU,ERODE,SATHYAMANGALAM,25.81,23.67,25.13,32.23,39.77,24.78,17.62,14.96,21.51,22.47,22.64,20,20.05,23.7,27,22.24,25.67,33.4
TAMILNADU,VIRUDUNAGAR,SATTUR,4.05,6.09,6.61,6.85,8.2,7.75,4.82,4.6,3.14,3.1,4.65,3.69,3.08,5.03,7.39,6.52,7.01,7.05
TAMILNADU,MADURAI,SEDAPATTI,100.36,101.72,124.44,111.16,152.09,127.55,132.59,139.17,120.4,10.95,180.41,192.19,80.73,180.49,210.5,187.46,200.93,236.9
TAMILNADU,NAGAPPATTINAM,SEMBANARKOIL,3.37,3.71,3.55,1.85,5.55,6.05,3.27,1.45,2.9,2.09,3.6,3.55,3.51,5.7,3.85,1.75,3.31,3.31
TAMILNADU,ARIYALUR,SENDURAI,0,0,0,0,0,0,0,0,1.94,1.65,1.35,3.45,3.45,2.32,2.98,2.6,4.33,3.4
TAMILNADU,NAMAKKAL,SENTHAMANGALAM,12.27,10.92,23.32,35.3,20.38,13.49,3.88,3.64,9.08,10.18,21.11,12.38,17.38,13.38,7.68,10.58,12.03,12.88
TAMILNADU,THANJAVUR,SETHUBHAVACHATRAM,3.22,2.5,2.32,4.37,4.84,6.8,4.35,4.9,2.15,3.74,2.26,2.26,2.26,3.15,4.9,3.6,2.58,5.6
TAMILNADU,DINDIGUL,SHANARPATTI,39.48,38,42.14,26.09,39.23,43,20.51,21.3,23.5,16.6,32.37,21.4,23,31.89,61.26,49.6,54.8,64.05
TAMILNADU,TIRUNELVELI,SHENKOTTAI,14.4,18.59,20.84,23.05,18.83,15.83,12.27,12.1,18.01,23.76,22.4,23.98,31.77,22.55,20.33,19.08,19.51,30.08
TAMILNADU,THIRUVALLUR,SHOLAVARAM,4.55,3.53,6.36,2.3,2.37,6.7,5.5,0.96,3.44,1.76,2.32,1.5,10.1,6.7,6.7,5.95,4.42,6.2
TAMILNADU,VELLORE,SHOLINGUR,17.39,23.19,28.16,39.31,35.85,32,18.62,11.68,12.22,29.12,41.37,38.97,33.75,11.32,18.2,17.52,10.62,15.62
TAMILNADU,KRISHNAGIRI,SHOOLAGIRI,26.07,25.42,20.62,38.75,39.42,42.14,34.34,39.74,29.74,30.6,27.04,42.11,34.31,43.26,28.49,21.33,21.82,45.14
TAMILNADU,SIVAGANGA,SINGAMPUNERI,18.93,22.48,25.45,26.54,26.2,29.58,26.75,26.74,20.88,28.9,31.4,28.77,24.78,21.69,38.54,36.23,33.77,39.9
TAMILNADU,NAGAPPATTINAM,SIRKALI,0,10.86,8.22,1.7,1.7,1.7,5.72,11.63,12.34,10.65,12.86,12.83,11.6,14.29,17.15,17.58,18.86,19.95
TAMILNADU,SIVAGANGA,SIVAGANGA,52.26,41.91,51.11,50.98,58.64,44.77,34.4,32.29,35.59,34.39,39.42,30.24,27.88,38.61,46.04,44.25,44,54.02
TAMILNADU,VIRUDUNAGAR,SIVAKASI,18.77,27.01,18.67,18.18,32,26.24,34.51,30.32,23.6,20.77,33.22,20.67,18.48,22.72,34.26,25.76,20.5,24.53
TAMILNADU,KANCHEEPURAM,SRIPERUMBUDUR,10.79,10.4,13.8,10.29,10.29,12.69,8.34,7.04,6.79,9.44,8.19,8.56,8.84,9.6,8.93,7.18,6.69,7.89
TAMILNADU,TIRUCHIRAPPALLI,SRIRANGAM,18.12,16.06,22.23,29.62,23.55,27.67,13.59,18.16,23.66,23.74,13.59,38.6,12.85,27.38,22.91,18.77,21.48,31.3
TAMILNADU,THOOTHUKKUDI,SRIVAIKUNTAM,8.53,7.68,17.77,8.32,8.99,8.59,6.83,2.71,6.34,6.63,6.94,8.44,8.31,8.06,8.12,9.71,8.91,12.34
TAMILNADU,VIRUDUNAGAR,SRIVILLIPUTHUR,13.44,20.59,23.91,24.72,27.7,26.76,21.29,22.66,10.04,13.61,24.46,22.91,21.62,21.32,27.26,23.31,17.56,22.91
TAMILNADU,KANCHEEPURAM,ST. THOMAS MOUNT,2.46,3.55,2.56,4.26,3.59,2.86,4.09,0.86,3.1,5.9,2.16,3.24,3.87,5.8,4.46,2.75,1.84,3.44
TAMILNADU,COIMBATORE,SULTANPET,31.28,31.5,35.84,39.68,44.47,41.71,35.62,36.1,34.35,34.81,35.99,33.44,16.55,65.5,48.59,50.26,48.03,19.05
TAMILNADU,COIMBATORE,SULUR,6.59,11.33,55.36,19.08,31.31,11.46,7,4.61,9.78,9.83,14.16,4.15,20.14,11.72,12.83,3.77,4.41,25.36
TAMILNADU,MADURAI,T. KALLUPATTI,54.94,72.99,78.7,74.58,96.56,76.38,85.33,85.33,64.66,0,79.21,85.76,67.76,109.71,102.61,93.91,91.24,98.24
TAMILNADU,ERODE,TALAVADI,19.71,23.31,23.41,13.74,14.04,14.04,13.54,13.04,11.34,13.54,13.54,5.34,13.24,18.64,18.64,19.04,20.09,20.09
TAMILNADU,SALEM,TALAVASAL,29.35,28.44,29.53,48.89,14.4,15.22,11.75,12.19,12.4,18.4,28.67,21.9,22.75,27.77,20.67,22.91,21.31,32
TAMILNADU,KANCHEEPURAM,TAMBARAM,29.77,41.38,26.92,39.89,36.95,33.63,36.64,18.25,20.82,25.46,22.08,22.65,28.38,35.82,40.1,38.93,27.9,39.4
TAMILNADU,TIRUNELVELI,TENKASI,45.66,27.35,28.84,35.41,30.35,35.62,37.73,16.18,30.94,22.56,18.93,35.71,37.96,40.31,36,19.41,22.5,48.55
TAMILNADU,KANYAKUMARI,THACKALAI,10.72,10.54,9.72,11.55,12.4,17.39,11.18,10.5,13.07,13.52,14.15,13.2,15.15,16.27,12.65,9.99,7.55,15.25
TAMILNADU,KRISHNAGIRI,THALY,7.17,5.89,12.31,14.56,16.74,13.82,2.15,2.15,0,15,15,17.26,19.05,31.35,13.8,13.8,6.15,0
TAMILNADU,TIRUVANNAMALAI,THANDARAMPET,48.15,41.88,42.12,54.28,35.76,35.37,30.52,34.17,28.65,42,38.3,26.84,41.41,32.06,47.25,41.81,31.53,46.59
TAMILNADU,THANJAVUR,THANJAVUR,10.77,9.44,8.07,15.98,9.55,32.37,18.51,17.6,21.32,16.06,20.46,19.99,13.29,27.1,25.45,24.58,13.25,18.75
TAMILNADU,KARUR,THANTHONI,16.29,39.45,60.36,92.3,88.08,122.76,11.63,25.44,35.23,27.94,26.12,17.14,25.41,35.91,36.6,34.89,11.55,11.19
TAMILNADU,SALEM,THARAMANGALAM,9.55,6.73,10.45,5.42,71.4,11.86,7.05,7.05,8.35,8.35,0,0,0,0,0,0,0,0
TAMILNADU,NAGAPPATTINAM,THARANGAMBADI,0,0,0,0,0,0,2.58,1.2,2.61,2.26,2.1,1.3,1.3,2.5,3,1.6,2.05,2.05
TAMILNADU,TIRUCHIRAPPALLI,THATHAIYANGARPET,28.71,32.11,44.61,44.76,40.98,27.33,18.23,18.71,29.01,26.13,41.58,22.98,20.06,41.75,46.45,33.04,28.53,45.75
TAMILNADU,TIRUVANNAMALAI,THELLAR,8.95,9.72,10.86,17.16,8.25,12.85,10.45,13.1,6.8,6.81,6.81,6.81,0,0,0,0.01,0.01,0.01
TAMILNADU,THENI,THENI,25.45,22.99,28.08,34.61,35.73,31.57,12.81,7.12,3.65,27.32,36.65,18.47,14.87,26.75,29.6,22.13,28.05,33.19
TAMILNADU,VILUPPURAM,THIAGADURGAM,46,56.42,66.65,77.12,47.29,42.99,33.93,15.42,27.12,39.28,50.89,31.22,34.59,32.34,58.69,53.92,47.08,62.45
TAMILNADU,MADURAI,THIRUMANGALAM,35.95,39.55,40.21,43.44,44.32,34.42,30.9,30.9,21.5,4.2,107.08,110.33,50.28,93.68,112.43,100.57,61.67,105.92
TAMILNADU,ARIYALUR,THIRUMANUR,7.5,15.82,11.4,8.93,8.33,8.55,8.75,5.46,11.39,10.63,8.48,7.08,8.99,11.18,9.87,11.18,7.48,14.48
TAMILNADU,PUDUKKOTTAI,THIRUMAYAM,79.83,51.89,58.64,64.07,69.97,68.35,42.8,55.79,43.47,48.74,42.51,57,60.12,57.35,75.78,73.65,73.47,85.7
TAMILNADU,MADURAI,THIRUPARANKUNDRAM,78.46,78.31,92.63,103.58,115.8,110.12,119.61,120.35,117.32,13.1,116.7,118,78.35,122.23,135.99,125.8,123.9,137.4
TAMILNADU,KANCHEEPURAM,THIRUPORUR,7.18,10.1,14.65,11.59,6.67,6.74,7.19,0.61,6.18,6.81,6.41,5.69,6.5,5.91,6.41,7.06,2.31,5.67
TAMILNADU,THANJAVUR,THIRUPPANANDAL,4.78,4.67,3.32,3.32,3.52,17.16,16.5,6.66,10.18,14.83,10.96,13.56,7.01,13.2,11.16,11.94,10.57,14.11
TAMILNADU,THANJAVUR,THIRUVAIYARU,2.93,2.83,2.6,4.29,1.99,5.97,3.35,1.4,2.65,2.95,2.72,2.7,3.15,4.1,3.85,2.73,3.71,3.5
TAMILNADU,THIRUVALLUR,THIRUVALLUR,16.54,15.34,15.52,18.39,16.61,15.97,7.83,5.8,6.9,8.59,12.49,8.33,9.25,9.8,8.42,12.89,7.15,10.88
TAMILNADU,TIRUVARUR,TIRUVARUR,6.55,5.38,2.8,6.85,2.85,8.7,6.63,5.4,5.01,2.9,5.8,5.55,7.8,8.4,6.2,6.2,6.2,6.5
TAMILNADU,THANJAVUR,THIRUVONAM,8.22,9.33,2.6,5.1,15.59,8.81,15.02,10.6,5.2,5.36,13.8,13.9,8.85,15.42,9.86,13.42,14.53,15.6
TAMILNADU,KARUR,THOGAIMALAI,7.36,11.4,25.97,16.9,14.71,12.12,6.82,7.37,9.79,31.3,11.95,11.87,11.03,5.19,18.55,10.82,15.82,17.07
TAMILNADU,COIMBATORE,THONDAMUTHUR,88.36,84.27,93.82,111.21,112.41,104.13,87.94,85.01,49.9,58.67,55.02,58.85,54.31,52.75,79.13,74.22,75.35,85.78
TAMILNADU,ERODE,THOOKANAICKENPALAYAM,16.44,15.72,17.48,19.33,22,13.67,8.07,6.66,12.03,13.05,14.43,10.9,17.2,27.75,21.87,19.1,20.5,26.58
TAMILNADU,THOOTHUKKUDI,THOOTHUKKUDI,25.01,11.15,22.95,22.16,32.85,12.95,21.68,16.1,15.65,13.37,22.61,20.1,10.8,12.85,13.43,12.07,11.8,2.7
TAMILNADU,DINDIGUL,THOPPAMPATTI,25.44,43.69,60.73,56.87,53.67,33.89,21.05,28.84,22.79,31.43,62.17,26.58,24.13,57.48,78.08,49.31,31.69,66.23
TAMILNADU,TIRUCHIRAPPALLI,THOTTIYAM,23.45,20.11,21.63,19.32,20.63,17.67,17.07,7.15,13.95,14.22,19.41,11.31,14.6,22.45,17.4,11.15,19,24.64
TAMILNADU,KANYAKUMARI,THOVALA,13.17,13.76,12.75,11.76,15.55,12.06,12.07,9.42,11.05,11.21,9.35,15.45,10.73,11.2,10.1,7.13,8.74,8.4
TAMILNADU,TIRUVANNAMALAI,THURINJAPURAM,9.4,8.73,4.63,12,6.55,5.63,4.72,6.6,4.65,7.72,7.72,4.31,1.7,5.2,8.36,5.26,6.42,5.9
TAMILNADU,VELLORE,TIMIRI,37.24,48.53,46.76,58.87,48.68,53.53,42.25,48.08,51.66,44.85,45.45,37.29,37.65,43.72,59.78,52.96,34.23,33.35
TAMILNADU,THOOTHUKKUDI,TIRUCHENDUR,7.67,5.98,7.95,7.5,7.59,4.72,6.4,4.65,4.9,5.33,6.94,6.62,6.73,8.17,7.32,5.98,6.86,9.02
TAMILNADU,NAMAKKAL,TIRUCHENGODE,31.33,22.72,29.18,39.96,52.94,35.58,23.68,25.71,30.63,32.23,31.87,23.53,27.5,42.28,65.16,37.11,32.76,68.03
TAMILNADU,TIRUCHIRAPPALLI,TIRUCHIRAPPALLI,4.31,13.64,12.66,9.25,9.33,11.06,12.76,4.19,11.69,15.94,6.61,15.29,6.59,10.08,12.19,9.22,9.35,3.95
TAMILNADU,VIRUDUNAGAR,TIRUCHULI,10.8,10.8,9.5,9.85,11.72,11,8.04,7.9,5.88,5.6,6.7,6,5.2,5.23,5.23,5.23,0,0
TAMILNADU,KANCHEEPURAM,TIRUKALUKUNDRAM,8.42,13.98,9.18,15.42,9.93,8.97,14.15,9.41,11.47,11.77,14.23,8.74,10.04,16.08,17.1,15.71,9.13,11.31
TAMILNADU,VILUPPURAM,TIRUKKOYILUR,21.45,27.07,31.17,35.16,12.61,19.5,15.99,9.71,8.96,20.61,17.54,10.69,20.31,15.29,24.12,16.81,15.3,23.4
TAMILNADU,VILUPPURAM,TIRUNAVALUR,18.96,16.25,23.84,23.06,8.97,15.35,8.64,3.92,17.27,11.2,15.42,12.52,21.3,12.88,12.87,15.3,11.61,22.25
TAMILNADU,TIRUNELVELI,TIRUNELVELI,4.35,3.7,2.65,3.85,4.2,1.6,4.13,0.25,1.8,2.86,3.03,3.6,3.38,2.69,1.95,3.5,2.41,4.61
TAMILNADU,SIVAGANGA,TIRUPATHUR,37.34,32.88,24.5,38.48,47.55,42.12,23.35,20.32,13.78,11.99,17.65,15.78,16.78,4.45,4.4,9.12,9.3,9.57
TAMILNADU,RAMANATHAPURAM,TIRUPULLANI,15.06,13.07,13.26,14.83,5.1,9.45,12.64,11.75,9.9,9.12,8.52,7.38,8.33,9.98,9.6,11.78,13.85,17.35
TAMILNADU,THIRUVALLUR,TIRUTTANI,6.99,6.95,8.13,26.78,21.62,20.98,14.04,5.79,15.21,9.59,15.49,7.43,5.41,9.14,13.21,17.77,13.09,17.86
TAMILNADU,RAMANATHAPURAM,TIRUVADANAI,39.68,20.67,36.67,53.62,56.55,53.95,49.06,13,13.19,13.14,13.14,12.73,14.4,19.92,21.08,12.43,14.38,23.27
TAMILNADU,TIRUVANNAMALAI,TIRUVANNAMALAI,3.27,3.38,4,5.7,2.74,2.95,3.27,2.2,2.72,3.46,5.75,2.13,6.85,5.9,8.4,3.3,4.7,7.02
TAMILNADU,PUDUKKOTTAI,TIRUVARANKULAM,21.53,25.67,21.81,27,26.13,28.15,23,15.75,23.23,28.46,27.46,15.78,18.18,23.5,17.13,15.49,14.2,14.23
TAMILNADU,THIRUVALLUR,TIRUVELANGADU,14.39,15.81,13.14,16.97,18.66,14.68,10.98,8.7,7.6,12.2,16.2,11.14,11.01,11.55,10.3,12.89,9.67,14.56
TAMILNADU,CUDDALORE,TITTAKUDI_99,0,0,0,0,0,8.65,7.45,4.2,5.87,7.65,7.1,5.05,5.05,5.05,7.13,7.15,5.8,11.15
TAMILNADU,THOOTHUKKUDI,UDANGUDI,13,5.82,9.18,7.44,8.58,5.38,5.1,4.43,3.79,5.34,4.49,5.19,4.76,8.17,8.6,7.26,8.26,10.94
TAMILNADU,THE NILGIRIS,UDHAGAMANDALAM,3.55,4.02,5.48,5.05,3.24,4.32,3.14,2.51,2.48,2.79,2.66,1.57,2.57,4.66,4.44,2.63,2.43,2.27
TAMILNADU,TIRUPPUR,UDUMALAIPETTAI,13.32,16.76,20.59,24.8,59.22,39.5,33.89,16.55,41.67,39.56,8.15,6.58,10.88,13.76,67.81,60.02,62.81,14.78
TAMILNADU,VILUPPURAM,ULUDURPETTAI,6.8,5.02,9.2,9.6,1.3,4.9,1.3,0.98,1.47,5,4.1,3.5,3.6,4.8,4.95,4.55,4.1,6.45
TAMILNADU,VILUPPURAM,ULUNDURPETTAI,4.42,6,6.75,8.04,4.4,5.12,3.99,3.4,2.95,3.55,2.7,2.68,2.98,2.98,2.42,2.86,2.86,4.05
TAMILNADU,TIRUCHIRAPPALLI,UPPILIYAPURAM,16.05,15.27,15.28,15.98,15.39,16.62,12.63,11.95,14.15,16.41,17.33,14.3,14.63,19.25,19.55,16.5,17.15,21.25
TAMILNADU,MADURAI,USILAMPATTI,56.32,56,70.72,77.07,95.38,56.85,68.89,70.73,68.29,6.5,121,122.4,70.6,125.68,165.84,118.95,131.26,144.66
TAMILNADU,THENI,UTHAMAPALAYAM,65.62,60.15,70.22,44.48,75.17,59.27,58.85,55.22,58.07,72.92,79.7,76.22,54.37,66.12,71.46,59.83,56.77,69.4
TAMILNADU,KRISHNAGIRI,UTHANGARAI,10.69,10.33,12.58,14,7.62,7.8,7.8,8.6,8.1,11.6,9.4,8.85,8.85,7.8,8.2,8.2,8.2,8.2
TAMILNADU,KANCHEEPURAM,UTHIRAMERUR,19.3,24.56,20.79,27.8,55.2,21.23,19.57,27.42,20.75,26.41,24.48,14.77,19.25,24.24,33.86,43.5,24.32,36.83
TAMILNADU,THIRUVALLUR,UTHUKKOTTAI,11.37,24.85,7.84,11.21,16.91,16.92,13.14,8.95,10.01,1.07,6.74,8.33,9.68,4.54,4.54,4.54,4.54,4.79
TAMILNADU,TIRUPPUR,UTHUKULI,81.06,86.13,85.24,113.95,92.59,71.62,60.07,40.42,34.62,49.35,94.26,42.44,70.6,99.11,86.72,68.47,76.45,86.43
TAMILNADU,DINDIGUL,VADAMADURAI,11.04,14.6,16.85,18.49,25.45,17.05,12.76,15,12.78,13.6,16.68,20.4,14.15,17.12,18.86,19.1,19.2,10.36
TAMILNADU,MADURAI,VADIPATTI,28.03,30.59,29.91,36.65,39.13,19.47,22.25,19.92,22.32,4.27,32.46,35.36,28.06,50.27,51.72,32.36,30.02,39.5
TAMILNADU,TIRUCHIRAPPALLI,VAIYAMPATTI,0,0,0,0,0,6.33,4.55,1.1,3.35,4.75,4.96,2,2,2,8.15,1.45,6.81,9.1
TAMILNADU,TIRUVARUR,VALANGAIMAN,3.12,3.1,3.4,3.55,3.81,4.78,2.81,1.9,3,3.4,3.4,3.35,3.6,3.68,2.18,2.18,2.18,0
TAMILNADU,VILUPPURAM,VALLAM,4.6,4.6,3.92,10.3,6.9,6.92,6.9,5.38,5.05,6.8,5.7,6.08,5.9,4.6,10,8.99,6.87,11.03
TAMILNADU,TIRUNELVELI,VALLIYUR,64.45,59.24,63.26,75.2,72.73,71.9,31.89,34.35,17.62,31.82,36.67,45.02,42.17,50.23,68.58,39.2,31.44,64.42
TAMILNADU,COIMBATORE,VALPARAI,0,0,0,0,0,0,18.88,19.11,22.05,22.3,20.36,9.3,9.3,9.3,16.7,16.7,16.7,0
TAMILNADU,TIRUVANNAMALAI,VANDAVASI,9.66,8.63,10.5,13.05,9.2,10.3,8.38,8.5,6.52,9.12,7.32,7.42,8.7,7.9,12.15,12.57,4.86,11.93
TAMILNADU,VILUPPURAM,VANUR,12.1,11.5,15.43,13.45,24.2,13.43,9.92,4.73,8.32,10.95,10.17,6.6,8.8,10.62,11.95,8.1,7.8,11.15
TAMILNADU,TIRUNELVELI,VASUDEVANALLUR,21.63,19.16,27.41,23.74,36.04,24.74,22.74,18.94,17.45,21.65,35.11,33.22,17.74,34,37.54,30.81,30.89,34.97
TAMILNADU,SALEM,VAZHAPADI,23.27,18.99,26.71,44.41,40.96,30.81,7.11,8.48,12.31,12.47,11.66,11.96,10.81,11.81,26.62,32.44,28.51,33.05
TAMILNADU,NAGAPPATTINAM,VEDARANYAM,2.81,5.32,5.05,5.89,5.13,4.15,5.24,3.52,4.58,3.57,5.1,6.22,5.92,3.87,5.32,1.57,5.06,5.01
TAMILNADU,DINDIGUL,VEDASANDUR,25.59,17.92,19.4,18.21,27.72,19.17,18.06,16.23,16.93,17.63,7.2,4.2,3.7,4.9,30.43,24.28,26.9,29.38
TAMILNADU,SALEM,VEERAPANDI,0,0,0,0,0,0,19.95,7.03,17.9,25.25,40.52,40.52,40.52,39.51,34.73,32.99,33.81,33.81
TAMILNADU,TIRUPPUR,VELLAKOIL,20.51,16.72,25.73,28.12,50.55,35.1,12.61,15.4,18.05,16.16,22.3,16.89,35.88,41.54,34.54,32.44,13.84,34.65
TAMILNADU,VELLORE,VELLORE,20.3,12.95,9.22,33.58,11.63,14.92,12.42,8.44,7.17,14.52,27.72,11,43.6,27.45,40.77,39.23,4.65,4.18
TAMILNADU,TIRUVANNAMALAI,VEMBAKKAM,7.25,10.5,3.32,10.3,4.85,9.88,6.35,8.9,12.5,12.5,12.5,0,0,0,0,0,0,0
TAMILNADU,NAMAKKAL,VENNANTHUR,7.85,7.6,14.79,22.72,15.25,10.53,2.67,4.27,7.4,4.48,12.48,3.9,9.4,15.75,12.25,18.55,17.95,23.02
TAMILNADU,KRISHNAGIRI,VEPPANAPALLI,12.1,10.17,7.73,11.64,13.4,15.45,11.8,12.43,15.25,19.6,18.75,12,16.4,20.8,46.4,43.3,17.6,17.6
TAMILNADU,PERAMBALUR,VEPPANTHATTAI,9.93,10.94,12.22,16.42,14.05,14.42,11.41,9.43,6.55,8.3,8.03,5.27,3.35,13.68,13.94,11.76,9.72,19.06
TAMILNADU,PERAMBALUR,VEPPUR,33.53,8.59,11.3,16.59,7.35,13.57,9.35,8.4,6.49,9.5,10.3,6.78,10.17,11.78,11.4,13.48,11.25,19.83
TAMILNADU,THOOTHUKKUDI,VILATHIKULAM,12.1,19.19,12.92,19.39,16.78,18.08,11.4,11.4,10.15,7.2,8.21,8.31,8.31,8.45,9.15,17.16,20.31,15.69
TAMILNADU,KANYAKUMARI,VILAVANCODE,47.14,49.19,39.05,49.83,73.1,45.54,46.7,42.96,38.95,40,35.69,36.94,45.05,35.31,35.31,35.31,0,0
TAMILNADU,PUDUKKOTTAI,VIRALIMALAI,13.88,10.88,13.25,12.55,12.97,10.21,4.86,5.55,6.65,7.75,8.65,9.87,9.6,8.88,16.75,13.38,11.11,11.96
TAMILNADU,VILUPPURAM,VIRKRAVANDI,4.62,3.35,5.28,7.1,4.6,3.88,1.6,2.8,2.47,2.5,3.4,2.87,3.4,1.87,4.98,4.23,3.27,4.44
TAMILNADU,CUDDALORE,VIRUDHACHALAM_102,27.6,45.32,58.49,62.7,60.4,84.27,76.48,99.73,100.88,108.6,111.49,36.7,61.17,61.17,42.22,16.4,16.48,9.37
TAMILNADU,CUDDALORE,VIRUDHACHALAM_105,3.1,5.1,2.3,3.1,0.95,2.65,2.55,1.2,2.08,3.05,2.82,2.04,2.98,4.6,3.02,2.26,2.9,2.71
TAMILNADU,VIRUDUNAGAR,VIRUDHUNAGAR,9.41,15.17,15.29,17.58,21.25,13.86,6.79,9.95,5.65,6.9,16,10.4,4.78,13.06,16.45,16.35,9.5,11.3
TAMILNADU,KANCHEEPURAM,WALAJABAD,2.6,2.12,2,3.91,1.4,1.4,1.4,1.4,0,0,0,0,1.72,1.72,1.72,0,4.1,4.1
TAMILNADU,VELLORE,WALAJAPET,27.34,49.91,48.47,64.32,23.93,37.25,33.95,25.33,17.22,23.63,32.2,23.06,29.68,28.86,27.81,30.81,21.83,26.75
TAMILNADU,SALEM,YERCAUD,6.81,8.32,3.62,5.87,1.92,3.47,2.77,2.29,2.59,3.67,4.71,2.62,4.07,3.92,3.62,2.42,1.09,3.59